Nome,Telefone,Cidade,Bairro
Barbearia VIP Itajaí,554733114288,itajai,Centro
Barbearia Studio A - Social Club,5547984951957,itajai,Centro
Gajo Barber Shop Centro - Barbearia,554732244332,itajai,Centro
Barbearia Distrito Conceito,5547991062005,itajai,Centro
Barbearia Brooklyn 1869,5547996261171,itajai,Centro
Itajahy Barbearia - Centro,5547997442494,itajai,Centro
Barbearia Cosmos,5547991280464,itajai,Centro
Barbearia Royal & Co,5547974000033,itajai,Centro
Barbearia Mr. Finger,5547996496285,itajai,Centro
Wild barbers,5547997465557,itajai,Centro
Pittarus - A Barbearia de Itajaí,5548991524009,itajai,Centro
Don Mezoni Barbearia,5547991085777,itajai,Centro
Barbearia Paulista,5547997728524,itajai,Centro
Nei's Barber Shop,5547988949314,itajai,Cidade Nova
Barbearia do Marcio,5547997662932,itajai,Cidade Nova
Barbearia leandro,5547992096291,itajai,Cidade Nova
Barbearia lessa,5547996832083,itajai,Cidade Nova
BARBEARIA DO LUIZ,554732485330,itajai,Cidade Nova
Fratelli's Barbearia,5547984267463,itajai,Cidade Nova
BARBEARIA GRATIDÃO,5547997954969,itajai,Cidade Nova
Barbearia Soulblack,5547988508973,itajai,Cidade Nova
D&S barbearia e tranças,5547999217467,itajai,Cidade Nova
Barbearia Do Bahia,5547996898312,itajai,Cidade Nova
BARBEARIA CENTRAL,5547984368864,itajai,Cidade Nova
Chieta Barbeiro,5547999686797,itajai,Cidade Nova
Barbearia Sacerdote,5547999082051,itajai,Cidade Nova
Toninho Barbearia,5547992839207,itajai,Cidade Nova
L7 barbearia,5547988628814,itajai,Cidade Nova
Impulsebarbertattoo,5547997338872,itajai,Cidade Nova
Barbearia GOOD Barber Shop,5547988515254,itajai,São Vicente
Barbearia do Cesinha,5547992344671,itajai,São Vicente
Barbearia Black & White,5547996612310,itajai,São Vicente
MÁRCIO SANTOS BARBEARIA,5547997120840,itajai,São Vicente
Barbearia Brazilian Storm,5547991956591,itajai,São Vicente
Roots Barber Shop,5547999411731,itajai,São Vicente
Barbearia San Vicent,5547999098173,itajai,São Vicente
Barbearia 902,554732240926,itajai,São Vicente
Barbearia Fabricio,5547997566386,itajai,São Vicente
Zero1 Barbershop,5547997131435,itajai,São Vicente
KG Barbearia,5547997570192,itajai,São Vicente
Barbearia Dolly corte,5547996458832,itajai,São Vicente
Barbearia Officina Da Barba,5547999525154,itajai,Dom Bosco
Barbearia Triunfo,5547997585020,itajai,Dom Bosco
Barbearia Coutinho,5547997871441,itajai,Dom Bosco
Gandolf Barbearia,5547992844625,itajai,Dom Bosco
ArtCorts Barbearia,5541988518219,itajai,Dom Bosco
Ben-Hur barbearia e galeria,5547999349600,itajai,Dom Bosco
BARBEARIA LOFTY Atendimento por ordem de chegada,5547997521807,itajai,Dom Bosco
Barbearia GOOD Barber Shop,5547988515254,itajai,Dom Bosco
Barbearia Distrito Conceito,5547991062005,itajai,Dom Bosco
Barbearia Big Boss,5547992034579,itajai,Dom Bosco
ByGod Barbershop,5547999022885,itajai,Dom Bosco
Barbearia do Marcio,5547997662932,itajai,Dom Bosco
TJ Barbearia - Itajaí,5547997859191,itajai,Dom Bosco
Barbearia VIP Itajaí,554733114288,itajai,Dom Bosco
Barbearia Fazenda,554732472908,itajai,Fazenda
Gajo Barbearia Shop Fazenda,554732244332,itajai,Fazenda
Barbearia Studio A - Social Club,5547984951957,itajai,Fazenda
Studio Robson,5547996791191,itajai,Fazenda
Hostin Store,5547988546919,itajai,Fazenda
Barbearia Corte Nobre 💈,5583999425090,itajai,Fazenda
Barbearia Paulista,5547997728524,itajai,Fazenda
Barbearia Sangue bom 047,5547999160305,itajai,Fazenda
Barbearia VIP Itajaí,554733114288,itajai,Fazenda
BARBEARIA LOFTY Atendimento por ordem de chegada,5547997521807,itajai,Fazenda
Nei's Barber Shop,5547988949314,itajai,Fazenda
Dom German,5547991224892,Itapema,Centro
Barbearia da Skina,5548999618491,Itapema,Centro
Barbearia Br-Zinho barbeiro Shop,5547999086646,Itapema,Centro
Barbearia BlackBarber,5547999171160,Itapema,Centro
Barbearia VIP Life Studio,5547996575146,Itapema,Centro
Caioduscorte Barbearia,5547996196319,Itapema,Centro
Barbearia Franco Aparatto,5547992449377,Itapema,Centro
Barbearia Duas Rodas - Matriz,5547991993871,Itapema,Centro
Barbearia JB,5547996252030,Itapema,Centro
Barbearia Seven,5547991827009,Itapema,Centro
Barbearia Sr. Menezes,5547991734427,Itapema,Centro
Greff Barbearia,5547992823484,Itapema,Centro
Barbearia Black Sheep Itapema,5547984383854,Itapema,Centro
Barbearia Junior's Meia Praia,5547991244168,Itapema,Meia Praia
Barbearia VIP Meia Praia,5547991727085,Itapema,Meia Praia
Mans'space Barbearia,5547997292046,Itapema,Meia Praia
Barbearia Black Sheep Itapema,5547984383854,Itapema,Meia Praia
Studio Dilson Barbearia - Meia Praia,5547992350651,Itapema,Meia Praia
Baritá Barbearia,554732691805,Itapema,Meia Praia
Barbearia Rei Bigode,554733668573,Itapema,Meia Praia
Barbearia Yuri's Barber,5547991714936,Itapema,Meia Praia
Imperium Barbearia,5547996396975,Itapema,Meia Praia
The Boys Barbearia,5547991815569,Itapema,Meia Praia
La Madre Barbearia,5547992694284,Itapema,Meia Praia
Marujo's Barbearia,5547991637465,Itapema,Meia Praia
Barbearia Bigodeira Itapema,5547992852140,Itapema,Meia Praia
Barbearia New Time,5547999036157,Itapema,Meia Praia
Mathiolo`s Barbearia - Unidade 1,5547999340268,Itapema,Morretes
100 Luxo Barberia,5547991940635,Itapema,Morretes
Barbearia Dom Brocardo,5547992673279,Itapema,Morretes
JC Barbearia,5547991334395,Itapema,Morretes
Minair Studio de Beleza e Barbearia em Itapema,5547996296468,Itapema,Morretes
Barbearia cabral,5551998645026,Itapema,Morretes
Barbearia GW,5547997187573,Itapema,Morretes
Barbearia Bacano,5547992812141,Itapema,Morretes
Brother's Barbearia,5547996105064,Itapema,Morretes
Mathiolo`s Barbearia - Unidade 2,5547999340268,Itapema,Morretes
Barbearia RF,5547999452000,Itapema,Morretes
Studio-w Barbearia,5547991028900,Itapema,Morretes
Barbearia Raiz,5547992221921,Itapema,Morretes
Riva´s Barbearia,5547988911994,Itapema,Morretes
Barbearia Andrade,5547996531556,Itapema,Ilhota
Barbearia Hüsken,5547999563767,Itapema,Ilhota
Barbearia Duas Rodas - Matriz,5547991993871,Itapema,Ilhota
Dom German,5547991224892,Itapema,Ilhota
Barbearia da Skina,5548999618491,Itapema,Ilhota
BARBEARIA DO KAKO,5547991376799,Itapema,Ilhota
Barbearia Litoral,5547984681191,Itapema,Ilhota
Academia do corte47,5547999727937,Itapema,Ilhota
Barbearia Br-Zinho barbeiro Shop,5547999086646,Itapema,Ilhota
Barbearia VIP Life Studio,5547996575146,Itapema,Ilhota
Barbearia BlackBarber,5547999171160,Itapema,Ilhota
Caioduscorte Barbearia,5547996196319,Itapema,Ilhota
Barbearia Br-Zinho barbeiro Shop,5547999086646,Itapema,Canto da Praia
Barbearia BlackBarber,5547999171160,Itapema,Canto da Praia
Barbearia VIP Meia Praia,5547991727085,Itapema,Canto da Praia
Barbearia Black Sheep Itapema,5547984383854,Itapema,Canto da Praia
Barbearia Duas Rodas - Matriz,5547991993871,Itapema,Canto da Praia
Barbearia da Skina,5548999618491,Itapema,Canto da Praia
Barbearia Junior's Meia Praia,5547991244168,Itapema,Canto da Praia
Barbearia Sr. Menezes,5547991734427,Itapema,Canto da Praia
Baritá Barbearia,554732691805,Itapema,Canto da Praia
Barbearia Seven,5547991827009,Itapema,Canto da Praia
Tropical Glam,5541999611989,Itapema,Canto da Praia
Barbearia Yuri's Barber,5547991714936,Itapema,Canto da Praia
Barbearia VIP Balneário Camboriú,554733983771,Balneário Camboriú,Centro
"Barbearia Muse, barba, corte, barbershop, peluqueria Balneário Camboriú",554730567433,Balneário Camboriú,Centro
Moraes Barbearia,5547996454658,Balneário Camboriú,Centro
Barbearia Barão da Navalha - Balneário Camboriú,5547999033364,Balneário Camboriú,Centro
Barbearia VIP Balneário Camboriú da Avenida Brasil,554733112029,Balneário Camboriú,Centro
Farol Barber & Co II,5547996127107,Balneário Camboriú,Centro
CONTI BARBEARIA,5547997309509,Balneário Camboriú,Centro
Champs Barbearia Shop - Barbearia em Balneário Camboriú,5547999508928,Balneário Camboriú,Centro
Morgam's Barbearia e Cervejaria,554730563326,Balneário Camboriú,Centro
Augusttus Barbearia - Cortes de Cabelo,5547996853669,Balneário Camboriú,Centro
Barbearia Sec Xxi,5547999322594,Balneário Camboriú,Barra
Thiago Barbearia,5547996393016,Balneário Camboriú,Barra
Madrid Barbershop,5547999754234,Balneário Camboriú,Barra
GC Barbershop - Barbearia Balneário Camboriú,554733110833,Balneário Camboriú,Barra
Godois Barbearia,5547997745498,Balneário Camboriú,Barra
Barbearia Barão da Navalha - Balneário Camboriú,5547999033364,Balneário Camboriú,Barra
21Kilates Barbearia,5547997660860,Balneário Camboriú,Barra
Barbearia Bronx. balneario camboriu,5547991138610,Balneário Camboriú,Barra
Rat’s Barber,5547989101808,Balneário Camboriú,Barra
Barbearia - Navalha De Ouro,5547997441816,Balneário Camboriú,Barra
Barbearia VIP Balneário Camboriú,554733983771,Balneário Camboriú,Barra
Morgam's Barbearia e Cervejaria,554730563326,Balneário Camboriú,Barra
Barbearia do Leandro,5547999267759,Balneário Camboriú,Barra
Barbearia The Butchers,554720331200,Balneário Camboriú,Ariribá
Barbearia Cavalheiros Bc,5547991346205,Balneário Camboriú,Ariribá
Barbearia Raiol - Corte e Barba,5547997790398,Balneário Camboriú,Ariribá
Morgam's Barbearia e Cervejaria,554730563326,Balneário Camboriú,Ariribá
Barbearia Sr.Wilson,5547999940120,Balneário Camboriú,Ariribá
BARBEARIA EVANGELISTA,5547999830693,Balneário Camboriú,Ariribá
Barbearia VIP Balneário Camboriú da Avenida Brasil,554733112029,Balneário Camboriú,Ariribá
Barbearia KCF,5547988416804,Balneário Camboriú,Ariribá
Jarel Barbearia,5547997799624,Balneário Camboriú,Ariribá
Moraes Barbearia,5547996454658,Balneário Camboriú,Ariribá
Barbearia Coronado,5547997764266,Balneário Camboriú,Ariribá
Farol Barber & Co II,5547996127107,Balneário Camboriú,Ariribá
Barbearia Fênix,5547997719282,Balneário Camboriú,Nações
Estilo Para Homens Nações,5547996084238,Balneário Camboriú,Nações
BARBEARIA EVANGELISTA,5547999830693,Balneário Camboriú,Nações
BARBEARIA CAMISA 10,5547996896584,Balneário Camboriú,Nações
Barbearia do João,5547991193264,Balneário Camboriú,Nações
Barbearia Sr.Wilson,5547999940120,Balneário Camboriú,Nações
Barbearia Royal Cutz,5547999818692,Balneário Camboriú,Nações
Barbearia Peck Barber,5547991952640,Balneário Camboriú,Nações
Jarel Barbearia,5547997799624,Balneário Camboriú,Nações
Barbearia Evangelista Unidade 2,5547991927050,Balneário Camboriú,Nações
Barbearia do Tiago | BC,5547984234228,Balneário Camboriú,Nações
La Única Barbershop,5547992440796,Balneário Camboriú,Nações
Moraes Barbearia,5547996454658,Balneário Camboriú,Nações
Farol Barber & Co II,5547996127107,Balneário Camboriú,Estaleiro
Barbearia Sec Xxi,5547999322594,Balneário Camboriú,Estaleiro
Moraes Barbearia,5547996454658,Balneário Camboriú,Estaleiro
Barbearia VIP Balneário Camboriú,554733983771,Balneário Camboriú,Estaleiro
Barbearia Sr.Wilson,5547999940120,Balneário Camboriú,Estaleiro
Thiago Barbearia,5547996393016,Balneário Camboriú,Estaleiro
Barbearia Milano,5547999266791,Balneário Camboriú,Estaleiro
GC Barbershop - Barbearia Balneário Camboriú,554733110833,Balneário Camboriú,Estaleiro
Morgam's Barbearia e Cervejaria,554730563326,Balneário Camboriú,Estaleiro
Barbearia Barbosa,5547996047679,Balneário Camboriú,Estaleiro
Barbearia - Salão Brasil - São Bento,551131055647,São Paulo,Centro Histórico
A Barbearia Express - Shopping light,5511913061616,São Paulo,Centro Histórico
Barbearia Marconi,5511994648174,São Paulo,Centro Histórico
Barbearia Alfadi - Santa Ifigênia,5511963649826,São Paulo,Centro Histórico
Fran's Barbearia,5511960329910,São Paulo,Centro Histórico
BARBERSHOP S.A.,5511937153551,São Paulo,Centro Histórico
Rafael Lima Barbearia,5511981781320,São Paulo,Centro Histórico
Barbearia Suprema,5511963493228,São Paulo,Centro Histórico
Huguinhos Cabeleireiro Masculino,551132556823,São Paulo,Centro Histórico
Barbearia av paulista - São Barba,5511933795714,São Paulo,Avenida Paulista
Barbearia av paulista - São barba /Alameda Santos,5511957482000,São Paulo,Avenida Paulista
Com Navalha - Barbearia Brigadeiro,551130821027,São Paulo,Avenida Paulista
Barbearia Studio Fields,5511966254739,São Paulo,Avenida Paulista
R.Kelly Studio,5511932142374,São Paulo,Avenida Paulista
Barbearia Mooca Datenna,5511962118013,São Paulo,Mooca
Zulatto Barbearia na Mooca,5511993452786,São Paulo,Mooca
Barbearia Conventi Mooca IV,5511932180662,São Paulo,Mooca
Barbearia Dom Papito unidade Mooca,5511948902009,São Paulo,Mooca
Barbearia do Oleiro - Barbearia na Mooca,5511977433163,São Paulo,Mooca
Barbeiro da Esquina Pinheiros,5511996585100,São Paulo,Pinheiros
Barbearia The Captain’s - Pinheiros,5511976900924,São Paulo,Pinheiros
Barbearia Black Zone Pinheiros Fradique Coutinho,551124782748,São Paulo,Pinheiros
Barbearia Los Cordeiros,5511977958678,São Paulo,Pinheiros
Barbearia - O General Club - Pinheiros,5511994342887,São Paulo,Pinheiros
Mezzo Studio & Barbearia,551135678446,São Paulo,Pinheiros
Madame Tesoura / Por Diogo Paschoal,5511963163380,São Paulo,Pinheiros
Janis Bull Barbearia-Vila Mariana,5511980150754,São Paulo,Vila Mariana
Drip & Cut Barber Co.,5511997530289,São Paulo,Vila Mariana
Cave Barbearia,5511983881227,São Paulo,Vila Mariana
Barbearia Art Shave - Unidade Vila Mariana,5511939367484,São Paulo,Vila Mariana
Metrô Barbershop - Barbearia,5511998542293,São Paulo,Vila Mariana
Barber SP,551159081673,São Paulo,Vila Mariana
Barbearia 1985,5519992350603,Campinas,Centro
Scobar Barbearia,5519993206447,Campinas,Centro
Kaká Cortes - Barbearia,5519991563904,Campinas,Centro
The Brothers Barbershop,551932330987,Campinas,Centro
Raça Negra Cabeleireiros,5519995220451,Campinas,Centro
Jhow Barber's,5519983528742,Campinas,Centro
Barbearia Star's,551932361492,Campinas,Centro
Studio Forest,5519971341740,Campinas,Centro
Aquidabã Barbearia,5519995513779,Campinas,Centro
Tribos - Cabelos e Afeto,5519992611500,Campinas,Centro
London Barbearia CPS,5519971531577,Campinas,Centro
Citybarba,5519999822617,Campinas,Cambuí
Barbearia Anchieta,5519995055137,Campinas,Cambuí
Freedom Barbershop,5519996165869,Campinas,Cambuí
Lucca Barbeiro Cambuí,5519999997598,Campinas,Cambuí
Barbearia Do Almeida,5519992442460,Campinas,Cambuí
Studio Cincinato Barber ©,5519994692493,Campinas,Cambuí
Barbearia Barba Real UNIDADE 2,551933077473,Campinas,Taquaral
Barbearia Paula Bueno,551932547341,Campinas,Taquaral
Barbearia WalBarber,5519998937850,Campinas,Taquaral
Barbearia Ricci Taquaral,551932264004,Campinas,Taquaral
Salão Taquaral - Cabelereiro Masculino,551932556847,Campinas,Taquaral
Barbearia Dom Romeu,5519983110387,Campinas,Taquaral
Alencar Barber Shop (Unidade 01),551933242807,Campinas,Taquaral
Thávma Barbearia,5519994841961,Campinas,Taquaral
Salao do léo,5519993012517,Campinas,Taquaral
Barbearia Barba Real,551932439173,Campinas,Taquaral
Don march barbearia,5519998739881,Campinas,Taquaral
Barbearia Do Almeida,5519992442460,Campinas,Taquaral
Hombrazo Barbearia - Barão Geraldo,551933677414,Campinas,Barão Geraldo
Salão Líder,551937226352,Campinas,Barão Geraldo
Barbearia do Get | Barão Geraldo,5519981697496,Campinas,Barão Geraldo
Barbearia Saraiva,5519992207344,Campinas,Barão Geraldo
Barbearia Oficina do corte - Barão Geraldo,5519988012720,Campinas,Barão Geraldo
KZ BARBEARIA,5519996916677,Campinas,Barão Geraldo
Barbearia Dom Navalhete,5519988385775,Campinas,Barão Geraldo
Barbearia J7,5519981579455,Campinas,Barão Geraldo
Salão Santo Antônio,5519981123253,Campinas,Barão Geraldo
Rubens Barbearia,551921218545,Campinas,Barão Geraldo
Barbearia Vk,5519996965740,Campinas,Jardim Chapadão
2E BARBER SHOP | BARBEARIA,5519974027232,Campinas,Jardim Chapadão
Barbearia Robson Profissional desde 1993,5519981287544,Campinas,Jardim Chapadão
Avelino Barberclube,5519995860920,Campinas,Jardim Chapadão
Barbearia Lord da Navalha,5519987329153,Campinas,Jardim Chapadão
Barbearia Barba Real,551932439173,Campinas,Jardim Chapadão
Luiz Barbearia Chapadão,5519983130849,Campinas,Jardim Chapadão
O Barba Barbearia,5519981808975,Campinas,Jardim Chapadão
Brooklyn Barber Shop | Barbearia em Campinas,551933966194,Campinas,Jardim Chapadão
Barbearia Toca do Grillo,5519981444418,Campinas,Jardim Chapadão
Alencar Barber Shop (Unidade 02),5519993992277,Campinas,Jardim Chapadão
.91 Barbearia,5519989745418,Campinas,Jardim Chapadão
Barbearia Gomes Barbearia em Campinas,5519989864812,Campinas,Jardim Chapadão
Viking BarberShop batel,554133199032,Curitiba,Batel
Skull Mates Barbearia,554130238928,Curitiba,Batel
Wanderley barbeiro... barbeiro_wanderley,5541985148563,Curitiba,Batel
Barber Club - Barbearia,5541998669546,Curitiba,Batel
Barbeira e Esteticista Masculina Rosangela Tracz,5541992135154,Curitiba,Batel
Der Bart Barbearia,5541992171940,Curitiba,Batel
Urban Barber Shop,554130837373,Curitiba,Batel
BARBEARIA LENON BARBEIRO NO TORRITON,5541997938929,Curitiba,Batel
Barbearia do Zé,5541999442215,Curitiba,Bigorrilho
Barbearia Señor Eli,554132064143,Curitiba,Bigorrilho
Barbearia Ferrari,554130150873,Curitiba,Bigorrilho
Viking BarberShop batel,554133199032,Curitiba,Bigorrilho
Barbearia - Rubel Barber Suite,554132051325,Curitiba,Bigorrilho
Barber Club - Barbearia,5541998669546,Curitiba,Bigorrilho
Brilliantine Barbearia,5541992433194,Curitiba,Bigorrilho
Barbearia Chaves,5541996967230,Curitiba,Bigorrilho
Cabeleireiro Marlon Max,5541985377838,Curitiba,Bigorrilho
Barbearia Ateliê da Barba,5541997664165,Curitiba,Bigorrilho
Barbearia 1,554130297541,Curitiba,Centro Cívico
Don Barbearia,554135010365,Curitiba,Centro Cívico
Barbers In Barbearia,554135989540,Curitiba,Centro Cívico
Barbearia Beto Barber,5541995594751,Curitiba,Centro Cívico
Barbearia República,554130781527,Curitiba,Centro Cívico
Barbearia Lumberjacks Juvevê,554132537174,Curitiba,Juvevê
Marumbi Barbearia,5541997975454,Curitiba,Juvevê
Barber Shop Curitiba,5541998202645,Curitiba,Juvevê
Barbiere Club,5541998776345,Curitiba,Juvevê
Grafitti Hair,554132520165,Curitiba,Juvevê
Barbearia Kalyl,5541992371997,Curitiba,Juvevê
Barbearia Lumberjacks Moysés Marcondes,5541984858165,Curitiba,Juvevê
Debarba Barbearia,5541998229426,Curitiba,Juvevê
Iaba-Daba-Doo,554132524765,Curitiba,Juvevê
Barbearia Barbs,554130770522,Curitiba,Alto da XV
Scarfades Barbershop,554135016146,Curitiba,Alto da XV
Romeu Barbershop,5541997392472,Curitiba,Alto da XV
Barbearia Mr. Migs,554134344080,Curitiba,Alto da XV
Khayus Barbershop,5541991187130,Curitiba,Alto da XV
Barbearia Camões,5541998658412,Curitiba,Alto da XV
Nixon's barbearia,554130454734,Curitiba,Alto da XV
Barber Shop Curitiba,5541998202645,Curitiba,Alto da XV
Barbearia Prado,554333237841,Londrina,Centro
Barbearia Senador,5543991228737,Londrina,Centro
JL Barbearia,5543991725982,Londrina,Centro
Barbearia Don Sebastião,554333246226,Londrina,Centro
BARBEARIA ZERO 13,5543991435765,Londrina,Centro
Barbearia Alameda,554333610400,Londrina,Centro
King Barbearia em Londrina,5543996663535,Londrina,Centro
Barbearia Lincoln Gonçalves,5543996180663,Londrina,Gleba Palhano
LOGAN BARBEARIA,5543996441953,Londrina,Gleba Palhano
Barbearia Custom,554330671610,Londrina,Jardim Igapó
Barbearia João Querubim,5543996338358,Londrina,Jardim Igapó
BARBEARIA KINOSHITA,554330286853,Londrina,Jardim Igapó
Sergio C. Barbearia,5543984565540,Londrina,Jardim Igapó
Macena Barber Shop,5543996992252,Londrina,Jardim Igapó
LOGAN BARBEARIA,5543996441953,Londrina,Jardim Igapó
Gusmão Barbearia,5543999161444,Londrina,Jardim Igapó
Barbearia Borges,5543984362330,Londrina,Jardim Igapó
BARBEARIA DON MORASK,5543984980708,Londrina,Jardim Igapó
Barbearia Lincoln Gonçalves,5543996180663,Londrina,Jardim Bancários
MARIO - O seu Barbeiro,5543999547851,Londrina,Jardim Bancários
King Barbearia em Londrina,5543996663535,Londrina,Jardim Bancários
BARBEARIA GOBATO,554333380627,Londrina,Jardim Bancários
LOGAN BARBEARIA,5543996441953,Londrina,Jardim Bancários
Hiltel Barbearia,5543996477767,Londrina,Jardim Bancários
Barbearia e Centro de Formação Flávio Dias,554333676158,Londrina,Jardim Bancários
Fato 03 Barbearia,5543999662376,Londrina,Jardim Bancários
Barbearia 7deoutubro,554330274263,Londrina,Jardim Bancários
Barbearia Don Sebastião,554333246226,Londrina,Jardim Bancários
Françoa Barbearia,5543988051559,Londrina,Jardim Bancários
BARBEARIA GOBATO,554333380627,Londrina,Bandeirantes
BARBEARIA DOM PEDRO ||,5543998450017,Londrina,Bandeirantes
Jessé & Carlos Barbearia,554333482042,Londrina,Bandeirantes
Stilus Barbearia,5543984393969,Londrina,Bandeirantes
L2 Barbearia unidade Bandeirantes,5543991368446,Londrina,Bandeirantes
Barbearia Sibim,5543984431049,Londrina,Bandeirantes
Barbearia Ricko,5543984328997,Londrina,Bandeirantes
Marcelino's barber,5543984298317,Londrina,Bandeirantes
Doutor Barbaa Barbearia,5543984051549,Londrina,Bandeirantes
THE CUT HOMMAO'S - BARBEARIA,5548991669310,Londrina,Bandeirantes
barbearia e Cabeleireiros WR,5543984037286,Londrina,Bandeirantes
Don clebinho barbearia,5543999956375,Londrina,Bandeirantes
Gearhead barbershop,554330286294,Londrina,Bandeirantes
ROCHA BARBEARIA,5543998345521,Londrina,Bandeirantes
Barbearia VIP - Centro,554833652897,Florianópolis,Centro
Barbearia Alves de Brito - Florianópolis - centro,554832049146,Florianópolis,Centro
RMbarbearia,5548999336001,Florianópolis,Centro
Barbearia Executive Floripa,5548996229116,Florianópolis,Centro
Barbearia Major Costa,554833042565,Florianópolis,Centro
Vinte Cinco Barber Shop,5548996155745,Florianópolis,Centro
Barbearia Rudnei Vargas,5548999677721,Florianópolis,Centro
Barbearia Guimarães,5548984251499,Florianópolis,Centro
Barbeiro Luckas Kaihã,5548999461922,Florianópolis,Lagoa da Conceição
Barbearia Th Cortes,5548996715906,Florianópolis,Lagoa da Conceição
Barbearia Sparthacuss,5548991541826,Florianópolis,Lagoa da Conceição
Barbearia Lagoa da Conceição,554832321001,Florianópolis,Lagoa da Conceição
Barbearia Keller,5548999393669,Florianópolis,Lagoa da Conceição
Nostra Familia Barbearia,5548999951639,Florianópolis,Lagoa da Conceição
Glênio Cabeleireiros,5548999617172,Florianópolis,Lagoa da Conceição
Escultores,5548991500387,Florianópolis,Lagoa da Conceição
Barbearia Rudi barber,5548998582647,Florianópolis,Lagoa da Conceição
Nova Barbearia,5548996045702,Florianópolis,Lagoa da Conceição
Barbearia R10 - Campeche/SC,5548984568286,Florianópolis,Campeche
CAMPECHE BARBERSHOP,5548991276674,Florianópolis,Campeche
Barão da Navalha - Campeche,554830284980,Florianópolis,Campeche
Evolution Barbearia Campeche,5548988692286,Florianópolis,Campeche
Barbearia | Modellare Barbershop | Campeche,5548991911937,Florianópolis,Campeche
Caveira’s Barbearia,5548991353680,Florianópolis,Campeche
Barbearia Stylo,5548984632242,Florianópolis,Campeche
Barbearia Sul Vaper,5548996598300,Florianópolis,Campeche
Estúdio Gramal Barbearia,5548988663111,Florianópolis,Campeche
Evolution Barbearia Rio Tavares,5548988692286,Florianópolis,Campeche
Barbearia bibi,5548991485983,Florianópolis,Campeche
Barbearia Juninho Barber Sul,5548984893242,Florianópolis,Campeche
DUDU’S STUDIO DE BELEZA,5548985005435,Florianópolis,Campeche
Left Barbearia,5548992065052,Florianópolis,Campeche
Barbearia HBS,5548988128622,Florianópolis,Campeche
Barbearia Felippe Caetano,5548991217466,Florianópolis,Campeche
Barbearia Pai e Filho - Jurerê Internacional,5548996001292,Florianópolis,Jurerê Internacional
Malbec Barbearia Jurerê Internacional,5548988688649,Florianópolis,Jurerê Internacional
Barbearia Seu João Jurerê Visagismo Masculino,554833074599,Florianópolis,Jurerê Internacional
Barbearia LD,5548991606224,Florianópolis,Jurerê Internacional
Barbearia Central,5548991477820,Florianópolis,Jurerê Internacional
Hawk Barber Studio,5548992467002,Florianópolis,Jurerê Internacional
Barbearia Zebra’s,5548996613693,Florianópolis,Jurerê Internacional
Barbearia Capitão Navalha | Referência nos Ingleses,5548999863180,Florianópolis,Ingleses do Rio Vermelho
Bravo Barbearia,554830304532,Florianópolis,Ingleses do Rio Vermelho
Stilo Barbearia,5548998169988,Florianópolis,Ingleses do Rio Vermelho
Armazem da Barba,5548998400476,Florianópolis,Ingleses do Rio Vermelho
Keef barbearia (keefbarbershop),5548991959512,Florianópolis,Ingleses do Rio Vermelho
️ Na Brasa Barbearia Shop,5548988768874,Florianópolis,Ingleses do Rio Vermelho
Wiu barbearia,5548988329971,Florianópolis,Ingleses do Rio Vermelho
Barbearia Vegas Barber Club,554833078184,Florianópolis,Ingleses do Rio Vermelho
Barbearia Joso,5548999540682,Florianópolis,Ingleses do Rio Vermelho
Barbearia Catarinense,5548996347168,Florianópolis,Ingleses do Rio Vermelho
Barbearia BarberSurf Tattoo,5548992031594,Florianópolis,Ingleses do Rio Vermelho
Satribal Barbearia,5548988708072,Florianópolis,Ingleses do Rio Vermelho
Dudu Barbearia,5551996237805,Florianópolis,Ingleses do Rio Vermelho
Barbearia Vargas - Bueno,556231006133,Goiânia,Setor Bueno
Bourbon Barbearia & Salon,5562981202126,Goiânia,Setor Bueno
BARBEARIA DO MEU AMIGO - Bueno,5512996586907,Goiânia,Setor Bueno
Barbearia DOMUS,5562992318060,Goiânia,Setor Bueno
235 Barbearia,556241024694,Goiânia,Setor Bueno
Bazatto Barbershop - Unidade Setor Bueno [Barbearia],5562981321552,Goiânia,Setor Bueno
SEGNO BARBEARIA E CLÍNICA,5562994596666,Goiânia,Setor Bueno
Jhoy Barber,5562982672526,Goiânia,Setor Bueno
Seu Carlos Barbearia,5562993178477,Goiânia,Setor Bueno
Barbearia Lavor,5562981668464,Goiânia,Setor Bueno
Barbearia Izaías Santos Setor Bueno,5562981798164,Goiânia,Setor Bueno
Athos Barbearia - Unidade 1,5562998157639,Goiânia,Setor Bueno
Barbearia Nocaute,5562982934041,Goiânia,Setor Bueno
Barbearia Macaco Veio,5562991742773,Goiânia,Setor Bueno
Barbearia Studio T-13,5562983265565,Goiânia,Setor Bueno
Los Hermanos Barbearia,556236097354,Goiânia,Jardim América
Barbearia hora,556236226282,Goiânia,Jardim América
Barbearia Dom Samurai,5562981975560,Goiânia,Jardim América
Barbearia Machado,5562986446184,Goiânia,Jardim América
Lottus Barbearia Clube,5562998067721,Goiânia,Jardim América
London Barber Club - Barbearia | Jardim América,5562982533923,Goiânia,Jardim América
Barbearia Shallom,5562991989970,Goiânia,Jardim América
235 Barbearia,556241024694,Goiânia,Jardim América
Street Way Barbearia,5562982195660,Goiânia,Jardim América
Benícios Barbearia,5562996343710,Goiânia,Jardim América
Visual Cabeleireiros e Barbearia | Jardim América - Goiânia GO,5562992455683,Goiânia,Jardim América
Salão Master - Barbearia,5562981470813,Goiânia,Jardim América
Barbearia Tamandaré | @barbeariatamandare,556232150751,Goiânia,Setor Oeste
New Star Barbearia,5562993509904,Goiânia,Setor Oeste
Barbearia king GO,5562992014477,Goiânia,Setor Oeste
Macho Alpha Barbearia Unidade Tamandaré,5562993509904,Goiânia,Setor Oeste
Barbearia Colombo,5562993149155,Goiânia,Setor Oeste
Hugo Barbearia,5562994732777,Goiânia,Setor Oeste
Barbearia do Bira,5562982566426,Goiânia,Setor Oeste
Barbearia Studio Hugo Victor,5562994040294,Goiânia,Setor Oeste
Joe's Barbearia,5562984007787,Goiânia,Setor Marista
"Barbearia MadeMan - Barbeiro, Barbearia, Corte Masculino, Barbaterapia, Barbearia Goiania",556232519151,Goiânia,Setor Marista
For Men Su Beauty Barbearia - Marista,5562999817445,Goiânia,Setor Marista
Elemental Barbearia,5562996600168,Goiânia,Setor Marista
Barbearia Barbaridade Premium,5562985248585,Goiânia,Setor Marista
BARBEARIA IVAN,5562982705130,Goiânia,Setor Marista
Pedro Cabral Barbeiro,5562993137026,Goiânia,Setor Marista
Barbearia Tamandaré | @barbeariatamandare,556232150751,Goiânia,Setor Marista
Barbearia Seu Pedro,5562991611414,Goiânia,Centro
"Xavier Barbearia - Barbearia, Barbearia em Goiânia, Barbearia no Centro, Barbershop, Manicure, Unha em Gel",5562993965278,Goiânia,Centro
Barbearia Lounge - Barbearia Goiânia,5562999188683,Goiânia,Centro
Barbearia Vargas - Marechal Rondon,556232117187,Goiânia,Centro
Lottus Barbearia Clube,5562998067721,Goiânia,Centro
Salazar Barber Shop,5551982124737,Porto Alegre,Centro Histórico
Soares Barbershop,555132126014,Porto Alegre,Centro Histórico
Barbearia Strong,5551998727851,Porto Alegre,Centro Histórico
Barbershopcapitolio,5551999367235,Porto Alegre,Centro Histórico
Barbearia do Kunha,5551985407760,Porto Alegre,Centro Histórico
Barbeiros D' Respeito,5551991300027,Porto Alegre,Centro Histórico
Tio San Barbeiro,5551995167067,Porto Alegre,Centro Histórico
Premier Barber Club,5551990199187,Porto Alegre,Centro Histórico
Barbearia Souza,5551984554046,Porto Alegre,Centro Histórico
Machado'S barbearia,5551985171688,Porto Alegre,Centro Histórico
Cabelo Curto - Centro Histórico,555132733251,Porto Alegre,Centro Histórico
Salão Fígaro,555132249938,Porto Alegre,Centro Histórico
Barbers Barbearia,5551994314671,Porto Alegre,Moinhos de Vento
Bruno Mattos Barbeiro,5551995837323,Porto Alegre,Moinhos de Vento
Moinhos barber,5551999522521,Porto Alegre,Moinhos de Vento
Barbearia Corrêa,5551985442873,Porto Alegre,Moinhos de Vento
Keylor Vasques,5551981803936,Porto Alegre,Moinhos de Vento
4 DISTRITO BARBERCLUB,5551982988712,Porto Alegre,Moinhos de Vento
Studio John Barbearia,5551999127787,Porto Alegre,Moinhos de Vento
The Bronx - Barbearia Porto Alegre,555132370077,Porto Alegre,Bela Vista
Barbearia Monte Carlo,555133345091,Porto Alegre,Bela Vista
Ibiza Barber Shop,5551994854001,Porto Alegre,Bela Vista
Pompilio Barbearia,5551997030569,Porto Alegre,Bela Vista
POA Barber Shop,555133367768,Porto Alegre,Bela Vista
Barbearia O Seu Barbeiro,5551999998803,Porto Alegre,Bela Vista
Shaver Society Barber Shop,555140663949,Porto Alegre,Petrópolis
Sarart Barbearia Petrópolis,5551993286002,Porto Alegre,Petrópolis
Nona Arte Barber Shop,5551981058898,Porto Alegre,Petrópolis
Barbearia Monte Carlo,555133345091,Porto Alegre,Petrópolis
O Barber | Barbearia Protásio,5551997763205,Porto Alegre,Petrópolis
Cioccari Barbearia,5551984362187,Porto Alegre,Petrópolis
Conceito A Barber House,5551986092604,Porto Alegre,Petrópolis
Ibiza Barber Shop,5551994854001,Porto Alegre,Petrópolis
Catena BARBERSHOP,5551980168927,Porto Alegre,Petrópolis
Barbearia Goethe - El Cartel Fernandes | Unidade Goethe - Porto Alegre,5551980432981,Porto Alegre,Rio Branco
Bacchica Barbearia,5551997875518,Porto Alegre,Rio Branco
LOGRADOURO BARBERSHOP,5551985802149,Porto Alegre,Rio Branco
Pompilio Barbearia,5551997030569,Porto Alegre,Rio Branco
Salão Silva,555133328873,Porto Alegre,Rio Branco
Barbearia da XV,5547996415631,blumenau,Centro
VIP,554730355093,blumenau,Centro
Lombardis,554730421717,blumenau,Centro
Freak,5547991789057,blumenau,Centro
Tião o Barbeiro,5547984037207,blumenau,Centro
Barbearia Real,5547996654199,blumenau,Centro
Sr. N Barbearia,5547996523503,blumenau,Centro
Juan Cabelo e Barba,5547984593805,blumenau,Centro
OFF,554730417207,blumenau,Centro
Sr Gregory Barber,5547992301278,blumenau,Centro
Petters Barbearia,5547999143715,blumenau,Velha
Silva,554730373012,blumenau,Velha
Bravo's,5547991281867,blumenau,Velha
Rota 302 Barbearia,5547992076011,blumenau,Velha
Theós Barbearia e visagismo,5547984681107,blumenau,Velha
Marinho Barbearia,5547997278842,blumenau,Velha
Barbearia Reino Alaretti,5547991012274,blumenau,Velha
Sr Gregory Barber,5547992301278,blumenau,Velha
Sharp's,5547991297577,blumenau,Velha
Top's Barbearia,5547997174036,blumenau,Velha
Curt Barbearia,5547997570167,blumenau,Velha
Jean Esthetic Hair,554733252128,blumenau,Velha
Rudi,5547991810037,blumenau,Escola Agrícola
Cavalheiros Barbearia,5547992213301,blumenau,Escola Agrícola
Rausch,5547984746111,blumenau,Escola Agrícola
Barbearia Renova-se conveniência schmitt,5547992271706,blumenau,Escola Agrícola
Barbearia Mono Barber Shop,5547991476556,blumenau,Escola Agrícola
Cabra Macho,5547988410889,blumenau,Escola Agrícola
Ney Prado Hair Stylist Salão de Beleza,554733270950,blumenau,Escola Agrícola
El Chape Barbearia,5547999121020,blumenau,Escola Agrícola
Hans Club | Barbearia - Lavação - Estacionamento,5547984711414,blumenau,Escola Agrícola
Bravo's,5547991281867,blumenau,Escola Agrícola
Sr. N Barbearia,554732886000,blumenau,Garcia
BARBEARIA 1850,5547984361765,blumenau,Garcia
Barbearia Parada Diaria,5547988015340,blumenau,Garcia
Barbearia Do Reino,5547999703951,blumenau,Garcia
Roma Barbearia,5547997235519,blumenau,Garcia
Hippers cabeleireiros,5547984714618,blumenau,Garcia
BARBEARIA FORFEX VIP,5547992445744,blumenau,Garcia
Tião o Barbeiro,5547984037207,blumenau,Garcia
OFF,554730417207,blumenau,Garcia
Barbearia do Freire,5547992383739,blumenau,Garcia
Sr. N Fonte,5547999972317,blumenau,Garcia
Barbearia Machado,5547991512973,blumenau,Garcia
Barbearia da XV,5547996415631,blumenau,Garcia
Vibe Barbearia,5547999321645,blumenau,Progresso
Barbearia Cardia,5547996241337,blumenau,Progresso
Lennon barbearia,5547991083727,blumenau,Progresso
Barbearia Rui Barbosa,5547988254989,blumenau,Progresso
Vlad’s Barber Shop,5547988662696,blumenau,Progresso
Barbearia macedo,5547984627509,blumenau,Progresso
Nascente Barbearia,5547992082676,blumenau,Progresso
Barbearia Los Compadres,5547991876977,blumenau,Progresso
Barbearia Santos,5547997051774,blumenau,Progresso
Serginho Barbearia,5547997569408,blumenau,Progresso
Sr. N Barbearia,554732886000,blumenau,Progresso
Olávio Cabelereiros e Barberaria,554733294133,blumenau,Progresso
BARBEARIA FORFEX VIP,5547992445744,blumenau,Progresso
Dom Camparini Barbearia,5515998251677,Sorocaba,Centro
Trezentos Barber Shop - Pátio Cianê Shopping Sorocaba,5515988302448,Sorocaba,Centro
Barbearia Brasil,5515991614114,Sorocaba,Centro
Barbearia Central,5515991182823,Sorocaba,Centro
Barbearia Monte — Atendimento e Autocuidado,5515991369495,Sorocaba,Centro
Barbearia Lincoln Barber Shop,5515997949356,Sorocaba,Centro
Salão JD Barbearia,5515997791351,Sorocaba,Centro
Barbeiro e Cia,551534426298,Sorocaba,Centro
Duetto Barbearia,5515981780072,Sorocaba,Campolim
Atelier Cabeleireiros,551532319322,Sorocaba,Campolim
O Pedro Barbeiro,5515996569736,Sorocaba,Campolim
Scarel Tattoo e Barbearia (Andrad`s Barber House),5515974036553,Sorocaba,Campolim
The Old School Barber Shop,5515996088980,Sorocaba,Vila Hortência
Barbearia Nogueira,5515991929970,Sorocaba,Vila Hortência
Caravan Barbearia,5515998275152,Sorocaba,Vila Hortência
Garagem barber shop,5515996622643,Sorocaba,Vila Hortência
Barbearia Gustavo Pontes,5515998545763,Sorocaba,Vila Hortência
Lima Cortes,5515997110416,Sorocaba,Vila Hortência
Barbearia Comunidade Afro,5515991855536,Sorocaba,Vila Hortência
Salão Fluminense,551532110781,Sorocaba,Vila Hortência
Barbeariasrgonçalves,5515998418325,Sorocaba,Vila Hortência
Barbearia Sr Wilson,5515998617949,Sorocaba,Vila Hortência
Barbearia BELO CORTE,5515998056823,Sorocaba,Vila Hortência
O Nerd Barbeiro,5515981691006,Sorocaba,Vila Hortência
Barbearia Brienze,5515991946632,Sorocaba,Vila Hortência
Digão Art's Barbearia,5515996917679,Sorocaba,Vila Hortência
Madan & Cia,5515998567040,Sorocaba,Vila Hortência
Barbearia Don Betones - SANTA ROSALIA,5511998711919,Sorocaba,Jardim Santa Rosália
Seven Barbearia & Tattoo,5515991238383,Sorocaba,Jardim Santa Rosália
Barbearia Elizeu Souza,5515991670679,Sorocaba,Jardim Santa Rosália
Barbearia do Chico,5515981892575,Sorocaba,Jardim Santa Rosália
Barbearia Villas Boas,5515992014598,Sorocaba,Jardim Santa Rosália
Begod Barber Shop,5515997014986,Sorocaba,Jardim Santa Rosália
Laro barbershop,5515996376794,Sorocaba,Jardim Santa Rosália
Barbearia Gustavo Zanette,5515988265164,Sorocaba,Jardim Santa Rosália
Barbearia Lisboa | Unidade Avenida São Paulo,5515991411537,Sorocaba,Jardim Santa Rosália
Garmon Barbearia,5515996061100,Sorocaba,Jardim Santa Rosália
Trezentos Barber Shop - Pátio Cianê Shopping Sorocaba,5515988302448,Sorocaba,Jardim Santa Rosália
BARBIERI SALVATORE,5515991288398,Sorocaba,Jardim Santa Rosália
Barbearia Dom Fernandes,5515991890816,Sorocaba,Éden
Barbearia Sérgio Art's Éden,5515981152362,Sorocaba,Éden
Barbearia Tradicional Eden Jd harmonia,5515996849802,Sorocaba,Éden
Studio Leal Barbeiro,5515981215238,Sorocaba,Éden
Biel barbershop,5515981426708,Sorocaba,Éden
Studio k.l barbearia,5515996346114,Sorocaba,Éden
Barbearia Douglas Barber,5515981130920,Sorocaba,Éden
Vieira Hair Salão de Beleza - Cabelereiro no Éden,5515981875332,Sorocaba,Éden
G3club Barbearia,5515976039847,Sorocaba,Éden
Ed’s Barbearia,5515996545140,Sorocaba,Éden
Fígaro Barber Shop,5515991179654,Sorocaba,Éden
Fran/ Marcos & Equipe,551532254032,Sorocaba,Éden
Barbearia Gota Cortes,5515991132779,Sorocaba,Éden
Machado Barber,5515996875752,Sorocaba,Éden
Barbeiro Cabeleleiro Edson éden,5515981692067,Sorocaba,Éden
Barbearia Central,5534992613107,Uberlândia,Centro
Barbearia Central,5534988331431,Uberlândia,Centro
Chicano Barbershop,5534992249351,Uberlândia,Centro
Barbearia Borges Araujo,5534984042761,Uberlândia,Centro
Kelvim Hairs Barbearia,5534998403330,Uberlândia,Centro
Barbearia Beroso Centro,5534997793589,Uberlândia,Centro
Black e White Barbearia,553432355121,Uberlândia,Centro
Casa Saramago - Barbearia e Studio,5534999202109,Uberlândia,Centro
barbearia Freire,5534999202811,Uberlândia,Centro
Klassic Barbearia,5534999688989,Uberlândia,Centro
Fran Padilha | Barbeira,5534992507682,Uberlândia,Centro
Lucas Barbearia Unidade Santa Mônica,5534997900845,Uberlândia,Santa Mônica
Andrade Barbearia - Santa Mônica,553432274308,Uberlândia,Santa Mônica
Barbearia Salone - Santa Mônica,553433069225,Uberlândia,Santa Mônica
RC Barbearia,5534991646422,Uberlândia,Santa Mônica
Barbearia Don Francisco,5534999486799,Uberlândia,Santa Mônica
Barbearia JK Santa Mônica,5534999480199,Uberlândia,Santa Mônica
Barbearia Alpha Men,5534992294318,Uberlândia,Santa Mônica
Barbearia JF,553432269246,Uberlândia,Santa Mônica
Barbearia Junior,553432381200,Uberlândia,Santa Mônica
New Look Barbearia,5534992227208,Uberlândia,Santa Mônica
Conceito Barbearia,553434842225,Uberlândia,Santa Mônica
D'niel Barbearia,5534988539389,Uberlândia,Martins
Baroni Barbearia,5534996825267,Uberlândia,Martins
Eirinaldo Ribeiro Barbearia,553432146311,Uberlândia,Martins
Barbearia via corte,5534999924232,Uberlândia,Martins
Sandro Barber Shop,5534991167152,Uberlândia,Martins
Barbearia Mister Souza,5534991075898,Uberlândia,Martins
Brooklyn Barbearia Barbershop,5534991093375,Uberlândia,Martins
034 Barbearia,5534998930800,Uberlândia,Martins
Barbearia | Giovane's Cabeleireiros Unissex | Martins,5534996598471,Uberlândia,Martins
Barbearia Underground,5534998239914,Uberlândia,Martins
Barbearia D' Rafa Barber Shop,553432150719,Uberlândia,Martins
NR Barbearia,5534997764538,Uberlândia,Martins
Barbearia Victor Hugo,5534991787859,Uberlândia,Martins
DF Barbearia,5534999088181,Uberlândia,Martins
Mota Barbearia,5534991046958,Uberlândia,Martins
Jales BARBEARIA,5534996779852,Uberlândia,Martins
Club Men Barbearia,5534996684845,Uberlândia,Tibery
Brito's Barbearia,5534996320534,Uberlândia,Tibery
Seleto Barbearia,5534991545886,Uberlândia,Tibery
Jean Pires Barbearia,5534992768382,Uberlândia,Tibery
Wissam Barber,553432319000,Uberlândia,Tibery
Antonio Barbearia,5534991243484,Uberlândia,Tibery
Junior Cabeleireiros,553432275639,Uberlândia,Tibery
Gigante Barbershop,5534991394214,Uberlândia,Tibery
Partners Babershop,5534997943515,Uberlândia,Tibery
Wagner Barbearia,5534999115390,Uberlândia,Tibery
Barbearia Brutíssimo,5534992664284,Uberlândia,Tibery
Blener Barbearia,5534996888630,Uberlândia,Tibery
Benicio Ricelle Barbearia,5534999044244,Uberlândia,Tibery
Studio OZ,5534997743552,Uberlândia,Tibery
Charles Barbearia,5534996556318,Uberlândia,Tibery
Barbearia Salge Club,5534999901412,Uberlândia,Segismundo Pereira
Barbearia Salone - Santa Mônica,553433069225,Uberlândia,Segismundo Pereira
Barbearia Don Francisco,5534999486799,Uberlândia,Segismundo Pereira
Clayton Barbearia,5534999929455,Uberlândia,Segismundo Pereira
Guilherme Oliveira barbeiro,5534991812025,Uberlândia,Segismundo Pereira
Universitário's Barbearia,553432146147,Uberlândia,Segismundo Pereira
AJ Barber Club,5534991778862,Uberlândia,Segismundo Pereira
Barbearia Lourenço,5534997800035,Uberlândia,Segismundo Pereira
Motta barbershop,5534998942737,Uberlândia,Segismundo Pereira
Barbearia Izaias,5534996606270,Uberlândia,Segismundo Pereira
Classic Barber Club,5534998836447,Uberlândia,Segismundo Pereira
Paris Barbearia,5534991035261,Uberlândia,Segismundo Pereira
D.Sousa Barbearia 💈,5534997909320,Uberlândia,Segismundo Pereira
Andrade Barbearia - Santa Mônica,553432274308,Uberlândia,Segismundo Pereira
Antonio Barbearia,5561998781714,Brasília,Asa Sul
Barbearia Barber Beer Brasília,5561982837596,Brasília,Asa Sul
Barbearia 209,556132442619,Brasília,Asa Sul
Barbearia 207 Sul,556132445165,Brasília,Asa Sul
Barbearia 206,5561991108411,Brasília,Asa Sul
Geração Z Barbearia,5561982101135,Brasília,Asa Sul
Barbearia Savaya,5561999746529,Brasília,Asa Sul
Jorge Müller Barbearia,5561991787146,Brasília,Asa Sul
Barbearia O Legado,5561982093291,Brasília,Asa Norte
Barbearia Asa Norte,556133477748,Brasília,Asa Norte
Fio Maravilha Barbearia,556132025006,Brasília,Asa Norte
Barbearia Brasil Prime - Asa Norte,556133287410,Brasília,Asa Norte
Barbearia do Chico | Barbearia na Asa Norte,5561981917684,Brasília,Asa Norte
Barbearia Dom Marquês,556135411572,Brasília,Asa Norte
Barbershop,5561981794066,Brasília,Asa Norte
Barbearia 105,556133478114,Brasília,Asa Norte
Barbearia União,556133491009,Brasília,Asa Norte
"Loyal Barbearia: Corte de Cabelo, Barba, Realinhamento Capilar, Lago Sul",556135412270,Brasília,Lago Sul
Barbearia Lago Sul,5561996599138,Brasília,Lago Sul
Garcia Barbearia,556132486747,Brasília,Lago Sul
Studio Masculino Aline Vieira,5561985005567,Brasília,Lago Sul
Barbearia Artesanal- LAGO SUL,5561995587087,Brasília,Lago Sul
Salão Famiglia D'Mano,556132485253,Brasília,Lago Sul
Cali Bar'bearia,556132482660,Brasília,Lago Sul
Barbearia - Lago Sul - Atendimento Domiciliar,5561993756214,Brasília,Lago Sul
Barbearia Renoir Homem,5561996269048,Brasília,Lago Sul
Diego Luiz Barber,5561981169362,Brasília,Lago Norte
Barbearia Dr. Cabelo,556134681295,Brasília,Lago Norte
Barber Baruck,5561991301525,Brasília,Lago Norte
Dom Diego - Barbearia Lago Norte,556135260873,Brasília,Lago Norte
Barbearia KalakMj,5561981236847,Brasília,Lago Norte
Fênix barbearia,5561993486259,Brasília,Lago Norte
Bunker Barbearia,5561998934455,Brasília,Lago Norte
Procurados Barbearia,5561982792748,Brasília,Lago Norte
Barbearia Kings Unidade Varjão,5561995967726,Brasília,Lago Norte
Barbearia O Legado,5561982093291,Brasília,Lago Norte
Barbearia Amigos,556133473710,Brasília,Lago Norte
Barbearia Old cut’z,5561999782831,Brasília,Lago Norte
Barbearia Cicero's,556139648961,Brasília,Lago Norte
Barbearia Expresso,556133062591,Brasília,Plano Piloto
Fio Maravilha Barbearia,556132025006,Brasília,Plano Piloto
Clube da Barba Brasília,5561996565080,Brasília,Plano Piloto
Gnog Barbearia,5561981090850,Brasília,Plano Piloto
Antonio Barbearia,5561998781714,Brasília,Plano Piloto
Studio Vip Salao e Barbearia,556130216300,Brasília,Plano Piloto
Barbearia 2 irmãos,556130337090,Brasília,Plano Piloto
Barbearia O Legado,5561982093291,Brasília,Plano Piloto
Barbearia Futebol Clube,556132225450,Brasília,Plano Piloto
DANILO SILVA-BARBEIRO,5561991450501,Brasília,Plano Piloto
Barbearia Asa Norte,556133477748,Brasília,Plano Piloto
Barbearia cartel,5512981314746,São José dos Campos,Campos dos Alemães
Barbearia do Moacir,551239427075,São José dos Campos,Centro
Barbearia do Barão,551239429534,São José dos Campos,Centro
Barbearia Winchester Barbershop,5512982580408,São José dos Campos,Centro
Barbearia Du Barber,5512988847702,São José dos Campos,Centro
Cartel 013 Barbearia,5512991662595,São José dos Campos,Centro
Arão Barbearia,5512982347933,São José dos Campos,Centro
BARBEARIA KABELERA,5512992076825,São José dos Campos,Centro
Danilão Barbearia,5512988178057,São José dos Campos,Centro
Everton Barbearia,5512988783199,São José dos Campos,Centro
Barbería​ San José - Shopping Jardim Oriente,5512997563326,São José dos Campos,Centro
Barbearia lá corte,5512996455418,São José dos Campos,Centro
Ocimar Hair Barbearia | Unidade I,551233026561,São José dos Campos,Centro
Roman Barbearia - 𝐀𝐪𝐮𝐚𝐫𝐢𝐮𝐬,5512988264822,São José dos Campos,Jardim Aquarius
Gardel Barbearia,551232079290,São José dos Campos,Jardim Aquarius
Studio Barber Pro Sjc,5512988850322,São José dos Campos,Jardim Aquarius
Emerson Cruz Barber,5515988063796,São José dos Campos,Jardim Aquarius
Barbearia Marques,5512981366562,São José dos Campos,Jardim Satélite
Barbearia Visagista QUIFF,551233419265,São José dos Campos,Jardim Satélite
Sr. Barba,5512981746570,São José dos Campos,Jardim Satélite
Brook's Studio - Salão & Barbearia,5512982605887,São José dos Campos,Jardim Satélite
Barbearia Sertanejo,5512988482795,São José dos Campos,Jardim Satélite
Cardoso barber | barbearia sjc,5512996431077,São José dos Campos,Jardim Satélite
Barbearia & Estética Andrômeda,5512981811871,São José dos Campos,Jardim Satélite
Bandoleros Barbearia,5512982186696,São José dos Campos,Jardim Satélite
Barbearia Máfia do Corte,5512981257541,São José dos Campos,Jardim Satélite
Ribeiro’s Barber,5512988546289,São José dos Campos,Jardim Satélite
Santta Madre Barbearia,5512988537866,São José dos Campos,Vila Ema
Barbearia P47,5512981365015,São José dos Campos,Vila Ema
Nakamura Studio - Barbearia,5512988838011,São José dos Campos,Vila Ema
Barbearia do Barão,551239429534,São José dos Campos,Vila Ema
Studio T Black,5512996375825,São José dos Campos,Vila Ema
Braga Barbearia Visagista | São José dos Campos,5512982463729,São José dos Campos,Vila Ema
Gregório Cabeleireiro,5512991749590,São José dos Campos,Vila Ema
Barbearia do Toninho,551234316353,São José dos Campos,Vila Ema
Joyce Studio Cabeleireiros / Barbearia,5512981785284,São José dos Campos,Vila Ema
Ruiz Cabeleireiros (Unidade 1),551239236679,São José dos Campos,Vila Ema
Brothers Barbearia,5512981921278,São José dos Campos,Vila Ema
Mastino Barber Concept,5512988364995,São José dos Campos,Vila Ema
SPM Stilo,551239423115,São José dos Campos,Vila Ema
Barbearia Los Gringos - Un. Jardim Paulista | Ribeirão Preto,5516992942809,Ribeirão Preto,Jardim Paulista
Kalaki Barbershop - Unidade Jardim Paulista,5516991956715,Ribeirão Preto,Jardim Paulista
BARBEARIA DE ALCÂNTARA & BRAGANÇA,5516997166529,Ribeirão Preto,Jardim Paulista
Barbearia Tradição,5516994454423,Ribeirão Preto,Jardim Paulista
Barberia Paulista Ribeirão Preto,5516994441708,Ribeirão Preto,Jardim Paulista
Wilker Barbearia - Unidade 1,5516997372807,Ribeirão Preto,Jardim Paulista
Barbearia Castelo RP 2,5516992405983,Ribeirão Preto,Jardim Paulista
Invictus Vintage Club,5516988140185,Ribeirão Preto,Jardim Paulista
RC Barbearia,5516981363088,Ribeirão Preto,Jardim Paulista
GF Barbearia,5516997119870,Ribeirão Preto,Jardim Paulista
JOCA ROCK BARBER SHOP,5516988169576,Ribeirão Preto,Jardim Paulista
Pedro Leite Barbearia,551636248837,Ribeirão Preto,Jardim Paulista
Barbearia velho barao,5516991023412,Ribeirão Preto,Jardim Paulista
Barbearia Fio Navalha RP,5516993955402,Ribeirão Preto,Jardim Paulista
TZ barbearia,5516981802820,Ribeirão Preto,Jardim Paulista
S.o.s Barber,5516994161187,Ribeirão Preto,Vila Tibério
Os Magnatas Barbearia.,5516974006044,Ribeirão Preto,Vila Tibério
Barbearia Bigodini,5516993560345,Ribeirão Preto,Vila Tibério
Barbearia Oliveira,5516993647850,Ribeirão Preto,Vila Tibério
Pallandri Barber,5516991221579,Ribeirão Preto,Vila Tibério
Lw barbearia,5511963319216,Ribeirão Preto,Vila Tibério
All Black Barbearia,5516991183443,Ribeirão Preto,Vila Tibério
Cabeleireiro Carlos Cesar G Silva,551641410874,Ribeirão Preto,Vila Tibério
Rogerio Barbearia,5516988040710,Ribeirão Preto,Vila Tibério
Barbearia stilus,5516981163069,Ribeirão Preto,Vila Tibério
WF Barbearia,5516994327154,Ribeirão Preto,Vila Tibério
Barbearia Sr. José,5516994234812,Ribeirão Preto,Campos Elíseos
Barbearia Felipe Rodrigues,5516992918674,Ribeirão Preto,Campos Elíseos
Barbearia Machado's,5516992123299,Ribeirão Preto,Campos Elíseos
💈WHS BARBEARIA💈,5516988655661,Ribeirão Preto,Campos Elíseos
Barbearia do Barba,5516994148454,Ribeirão Preto,Campos Elíseos
Gui do Corte I Barbearia - Ribeirão Preto/SP,5511954523902,Ribeirão Preto,Campos Elíseos
Du Franciscon Barbearia,5516981123186,Ribeirão Preto,Campos Elíseos
Barbearia Colaço,5516991758868,Ribeirão Preto,Campos Elíseos
Dias Barber,5516992080211,Ribeirão Preto,Campos Elíseos
LCBarber Store,5516991645070,Ribeirão Preto,Campos Elíseos
Barbearia Marcos Oliveira,5516982112091,Ribeirão Preto,Campos Elíseos
Lemes BarberShop | PRÓTESE CAPILAR,5516993141151,Ribeirão Preto,Campos Elíseos
Barbearia SR. Bigode,5516992529119,Ribeirão Preto,Campos Elíseos
Barbearia Blessed,5516981440852,Ribeirão Preto,Higienópolis
Os Magnatas Barbearia.,5516974006044,Ribeirão Preto,Higienópolis
Barbearia SR. Bigode,5516992529119,Ribeirão Preto,Higienópolis
Barbearia Don Johnny - Corte Cabelo - Barba - Barboterapia - Tingimento,5516993416401,Ribeirão Preto,Higienópolis
Barbearia Jardins,5516982420228,Ribeirão Preto,Higienópolis
Barbearia Don Leonard,5516988012203,Ribeirão Preto,Higienópolis
Mateus Reis NOSSA BARBEARIA,5516988057183,Ribeirão Preto,Higienópolis
Pedro Leite Barbearia,551636248837,Ribeirão Preto,Higienópolis
Barberia Paulista Ribeirão Preto,5516994441708,Ribeirão Preto,Higienópolis
Barbearia Los Gringos - Un. Jardim Paulista | Ribeirão Preto,5516992942809,Ribeirão Preto,Higienópolis
Austin Barbearia,551634423474,Ribeirão Preto,Higienópolis
James barbearia,5516996265959,Ribeirão Preto,Higienópolis
Iago barbearia 016,5516993095335,Ribeirão Preto,Jardim Presidente Dutra
Mateus Reis NOSSA BARBEARIA,5516988057183,Ribeirão Preto,Jardim Presidente Dutra
Seu Chrystovam Barbearia,5516981878233,Ribeirão Preto,Jardim Presidente Dutra
S.o.s Barber,5516994161187,Ribeirão Preto,Jardim Presidente Dutra
Barbearia Bigodini,5516993560345,Ribeirão Preto,Jardim Presidente Dutra
Prates barbearia,5516991394793,Ribeirão Preto,Jardim Presidente Dutra
Barbearia Teodoro,5516991173901,Ribeirão Preto,Jardim Presidente Dutra
K1 Barber,5516994285141,Ribeirão Preto,Jardim Presidente Dutra
Austin Barbearia,551634423474,Ribeirão Preto,Jardim Presidente Dutra
Thiago Tavares Barbeiro,5516991340170,Ribeirão Preto,Jardim Presidente Dutra
Os Magnatas Barbearia.,5516974006044,Ribeirão Preto,Jardim Presidente Dutra
Pedro Leite Barbearia,551636248837,Ribeirão Preto,Jardim Presidente Dutra
barbershopdojorge,5513981680036,Santos,Centro Histórico
Barbearia Modelo,5513996586175,Santos,Centro Histórico
Barbearia Rodrigues Gonzaga,5513978209977,Santos,Centro Histórico
Sonora Barbearia - Barbearia em Santos,5513997194622,Santos,Centro Histórico
Kn Barbershop,5515996627537,Santos,Centro Histórico
Barbearia 13 de Julho,551333947883,Santos,Centro Histórico
Barbearia Rodrigues José Menino,5513988551040,Santos,Centro Histórico
Atual cabeleireiros Ltda me,5513997776196,Santos,Centro Histórico
Na Barbearia,5513974040190,Santos,Centro Histórico
Leal Barber Shop,5513988388657,Santos,Centro Histórico
Burgo Barbearia,5513991294259,Santos,Centro Histórico
Barbearia Thagner Ramos - Canal 3,5513981215773,Santos,Centro Histórico
JP Cortes.,551330288513,Santos,Centro Histórico
Barbearia Fúria ZN,5513982135200,Santos,Zona Noroeste
Barbearia Pompéia013,5513988788040,Santos,Zona Noroeste
Barbearia Rodrigues Gonzaga,5513978209977,Santos,Zona Noroeste
Na Barbearia,5513974040190,Santos,Zona Noroeste
Burgo Barbearia,5513991294259,Santos,Zona Noroeste
Barbearia André Lopes Hair Designer,5513991057878,Santos,Zona Noroeste
Barbearia 13 de Julho,551333947883,Santos,Zona Noroeste
Brother’s barbershop By Sorali,5513997245100,Santos,Zona Noroeste
C2 Barber Shop - Barbearia Santos Gonzaga - Barbeiro - Corte de Cabelo,551332882040,Santos,Zona Noroeste
Sonora Barbearia - Barbearia em Santos,5513997194622,Santos,Zona Noroeste
Minimal Barber House,5513997770172,Santos,Zona Noroeste
Barbearia Ponta da Praia,5513974158512,Santos,Ponta da Praia
Natural Cort Barbearia,551332318107,Santos,Ponta da Praia
Sgarzi e Spazzio Cabeleireiro e Barber Shop,551330217094,Santos,Ponta da Praia
Black 13 Barbearia,5513981772613,Santos,Ponta da Praia
Studio JF Hair & Barber,5513996736248,Santos,Ponta da Praia
Natural Cort II Cabeleireiros & BarberShop (Barbearia),551333947080,Santos,Ponta da Praia
Barbearia Nova Guarda,5513997426191,Santos,Ponta da Praia
Lobão Barbearia,5513988256600,Santos,Ponta da Praia
Barbershop Mikael Barber,5513991446134,Santos,Ponta da Praia
Barbearia Gustavo Cortes,5513991699997,Santos,Ponta da Praia
Burgo Barbearia,5513991294259,Santos,Ponta da Praia
Barbearia Saci Cortes,5513981781725,Santos,Ponta da Praia
Studio R Cabeleireiros Unissex,551332712067,Santos,Ponta da Praia
Nene Cortes,5513992075929,Santos,Ponta da Praia
Barbearia Rodrigues Gonzaga,5513978209977,Santos,Gonzaga
Barber Shop Jeziel Oliveira,5513991482478,Santos,Gonzaga
BARBERSHOP JEZIEL OLIVEIRA SHOPPING PATIO IPORANGA,5513991482478,Santos,Gonzaga
Sonora Barbearia - Barbearia em Santos,5513997194622,Santos,Gonzaga
Barbearia Wolf Barbershop 013-Ana Costa,5513991644255,Santos,Gonzaga
Barbearia Thagner Ramos - Canal 3,5513981215773,Santos,Gonzaga
C2 Barber Shop - Barbearia Santos Gonzaga - Barbeiro - Corte de Cabelo,551332882040,Santos,Gonzaga
The Barber,5513991900307,Santos,Gonzaga
Cardoso Cortes Modernos e Tradicionais,5513992109242,Santos,Gonzaga
Maklaus Barbeiro,5513991285882,Santos,Gonzaga
Conceito Man Barbearia,551333078200,Santos,Gonzaga
Sarah Studio de Beleza - Barber,551332863815,Santos,Gonzaga
Náutica Tattoo - Unidade Gonzaga,551333270653,Santos,Gonzaga
Big Boy Cabeleireiro,551332865008,Santos,Gonzaga
Silvio's Barbearia,5541995855228,Santos,Boqueirão
El Patron Barber Shop,5541998981134,Santos,Boqueirão
Gonna Fly Barber House,5541997329157,Santos,Boqueirão
Barbearia Cagliari,5541999028025,Santos,Boqueirão
Barbearia Moruk,5541999302253,Santos,Boqueirão
Barbearia J.Neves Barber Bier,554130303002,Santos,Boqueirão
Box Barbearia Curitiba,554130100248,Santos,Boqueirão
Barbearia Lucão,5541996255658,Santos,Boqueirão
DK Barbershop Jundiai,5511972252507,Jundiaí,Centro
Smonkey House Barber Shop & Tattoo - Unidade 1,551145877768,Jundiaí,Centro
Barbearia Barão Jundiai,5511920401528,Jundiaí,Centro
Alves Barbershop,5511996539559,Jundiaí,Centro
Barbearia Bronx's,5511930278918,Jundiaí,Centro
Barbearia Castellano,5511998518664,Jundiaí,Centro
BarberagemTotal,5511968457012,Jundiaí,Centro
Don Cabeça Barbearia,5511995293118,Jundiaí,Centro
Richard Teex Cursos Para Barbeiros,5511916246412,Jundiaí,Centro
Barbearia Gustta Cortes,5511985583703,Jundiaí,Centro
Barbearia do Vavá,551139646080,Jundiaí,Centro
O Conde Barbearia,551124493023,Jundiaí,Centro
💈Wilker Barbeiro,5511974504243,Jundiaí,Centro
Alves Barbershop,5511996539559,Jundiaí,Anhangabaú
Don Cabeça Barbearia,5511995293118,Jundiaí,Anhangabaú
Barbearia Castellano,5511998518664,Jundiaí,Anhangabaú
DK Barbershop Jundiai,5511972252507,Jundiaí,Anhangabaú
A Fabrica barbearia,5511950210145,Jundiaí,Anhangabaú
Barbearia Frioli Hair,5511981869528,Jundiaí,Anhangabaú
Smonkey House Barber Shop & Tattoo - Unidade 1,551145877768,Jundiaí,Anhangabaú
Barbearia Barão Jundiai,5511920401528,Jundiaí,Anhangabaú
Honório - Barbearia Jundiaí,5511943312577,Jundiaí,Anhangabaú
Spuman Barbearia,5511997685675,Jundiaí,Vila Rio Branco
A Fabrica barbearia,5511950210145,Jundiaí,Vila Rio Branco
Ateliê da Barba,5511983661960,Jundiaí,Vila Rio Branco
Smonkey House Barber Shop & Tattoo - Unidade 1,551145877768,Jundiaí,Vila Rio Branco
Barbearia Frioli Hair,5511981869528,Jundiaí,Vila Rio Branco
Alves Barbershop,5511996539559,Jundiaí,Vila Rio Branco
Barbearia rair,5511950395253,Jundiaí,Vila Rio Branco
Coronel bigode oficial,5511941427559,Jundiaí,Vila Rio Branco
Barbearia Mãos De Tesoura,5511974330255,Jundiaí,Jardim do Lago
Ti.REX BARBEARIA,5511971254808,Jundiaí,Jardim do Lago
Barbearia do Juninho,5511959690484,Jundiaí,Jardim do Lago
Pena’s Barbershop,5511971757578,Jundiaí,Jardim do Lago
Barbearia Guedes,5511942988247,Jundiaí,Jardim do Lago
Barbearia Styllus,5511996553012,Jundiaí,Jardim do Lago
Barbearia da Vila LF,5511973272689,Jundiaí,Jardim do Lago
Barbearia Ricardinho,5511971763947,Jundiaí,Jardim do Lago
Felipe Barbearia The Monkey,551148071074,Jundiaí,Jardim do Lago
Spadone Barbearia,5511981843747,Jundiaí,Jardim do Lago
Coronel bigode oficial,5511941427559,Jundiaí,Jardim do Lago
Edjael Silva,5511996905259,Jundiaí,Jardim do Lago
La Bella Madame - Cabelo & Estética,5511975191029,Jundiaí,Jardim do Lago
Reezendes black,5511976059355,Jundiaí,Jardim do Lago
Barbearia Navalheiros,5511971723659,Jundiaí,Jardim Santa Gertrudes
Barbearia Marques Jundiaí,5511944414323,Jundiaí,Jardim Santa Gertrudes
Caio barbeiro e cia,5511975313273,Jundiaí,Jardim Santa Gertrudes
Chrystian Barber,5511990011991,Jundiaí,Jardim Santa Gertrudes
Barbearia Caldeira,5511985945211,Jundiaí,Jardim Santa Gertrudes
Barbeirinho Lemuel,5511971583353,Jundiaí,Jardim Santa Gertrudes
Barbearia Donola Cortes,5519998096617,Jundiaí,Jardim Santa Gertrudes
Zézinho Cabeleireiro & Barber Shop,5511964988951,Jundiaí,Jardim Santa Gertrudes
Studio de Beleza Carolina Ramiro,5511953166113,Jundiaí,Jardim Santa Gertrudes
Espaço Mulher Cabeleireiros,5511995918978,Jundiaí,Jardim Santa Gertrudes
Versátil,551145371474,Jundiaí,Jardim Santa Gertrudes
Barbearia Viena,5511972717792,Jundiaí,Jardim Santa Gertrudes
Bentos Barbearia,5531982670444,Contagem,Eldorado
Barbearia M12,5531994686862,Contagem,Eldorado
Raylander Santos Barbearia Eldorado,553125658360,Contagem,Eldorado
BARBEARIA 1895 (ELDORADO),5531987196814,Contagem,Eldorado
Renato Barber,5531973620105,Contagem,Eldorado
Dom Marcos Barbearia,553136653998,Contagem,Eldorado
Barbearia Gran Finalle,5531991577737,Contagem,Eldorado
Barbearia Ferreira II,553133917138,Contagem,Eldorado
Dom Alves Barber,5531994921738,Contagem,Eldorado
Wesley Costa Barbearia,5531971503666,Contagem,Eldorado
Barbearia Santos,5531993107910,Contagem,Eldorado
Barbearia JP,5531991418895,Contagem,Eldorado
Barbearia Santana,5531993172180,Contagem,Eldorado
Barbearia Edson & yeye,5531992087533,Contagem,Eldorado
Barbearia Mkoriginall,5531975956207,Contagem,Eldorado
Barbearia Hiper Visual,5531983260601,Contagem,Eldorado
Evo Barbiere,5531993512816,Contagem,Eldorado
Dion Barbearia - Nacional Contagem,5531986050916,Contagem,Nacional
Barbearia Fino Trato,553133541524,Contagem,Nacional
Barbearia D.K,5531989751795,Contagem,Nacional
EL SHADAY BARBEARIA,5531985684252,Contagem,Nacional
Ateliê de beleza e barbearia Lobo's,5531986352199,Contagem,Nacional
Salão do Zezim - Salão de Beleza Unissex e Barbearia,553133945637,Contagem,Nacional
BARBEARIA LAIA,5531989121215,Contagem,Nacional
WM Barber Grifes,5531973170563,Contagem,Nacional
Barbearia,553125657335,Contagem,Nacional
BARBEARIA NOVA IMAGEM,5531993618478,Contagem,Nacional
Martins barber,5531980265107,Contagem,Nacional
Barbearia Pinas Contagem,5531994411559,Contagem,Industrial
Barbearia J.nazaré,553125656065,Contagem,Industrial
Barbearia Freitas,5531984540032,Contagem,Industrial
Barbearia Baruque,5531973366715,Contagem,Industrial
GS BARBEARIA,5531993530192,Contagem,Industrial
Barbearia Aguilar,5531993639871,Contagem,Industrial
Barbearia Imporium,5531992487549,Contagem,Industrial
Barbearia do Vanderlei,5531984152405,Contagem,Industrial
Nesio Barber,5531992206381,Contagem,Industrial
Barbearia martins,5531998504503,Contagem,Industrial
Barbearia Novo Stilo,5531998652809,Contagem,Industrial
Barbearia jeferson Andrade,5531984382011,Contagem,Industrial
Douglas Santos Barbearia,553141123577,Contagem,Amazonas
Barbearia Cedro,5531991814621,Contagem,Amazonas
Barbearia bross,5531994527147,Contagem,Amazonas
Allan barbearia,5531992910078,Contagem,Amazonas
Barbearia TD,5531972467162,Contagem,Amazonas
Barbearia Pinas Contagem,5531994411559,Contagem,Amazonas
Barbearia Bonaldi - Contagem,5531992973148,Contagem,Amazonas
BARBEARIA ARTHUR 2007,5531991576241,Contagem,Amazonas
Gw barber,5531984055097,Contagem,Amazonas
Barbearia,5531998686999,Contagem,Amazonas
Barberini barbearia,553135654495,Contagem,Amazonas
Barbearia Freitas,5531984540032,Contagem,Amazonas
Renato Barber,5531973620105,Contagem,Novo Eldorado
Victor Batista Barbearia,5531975076731,Contagem,Novo Eldorado
Barbearia Santana,5531993172180,Contagem,Novo Eldorado
Barbearia Iretama,5531992964318,Contagem,Novo Eldorado
Barbearia Rômulo,5531987273582,Contagem,Novo Eldorado
Barbearia Edson & yeye,5531992087533,Contagem,Novo Eldorado
Barbearia do Naldo,5531987401066,Contagem,Novo Eldorado
Barbearia Ribeiro,5531988455423,Contagem,Novo Eldorado
Neydesignerbarber,5531992381953,Contagem,Novo Eldorado
Barbearia Trato Feito,5531973113022,Contagem,Novo Eldorado
Wesley Costa Barbearia,5531971503666,Contagem,Novo Eldorado
Barbearia do Babão,5531996664460,Contagem,Novo Eldorado
Pretex Barbearia,5531994271626,Contagem,Novo Eldorado
Dom Alves Barber,5531994921738,Contagem,Novo Eldorado
Pablo Cabelos,5531985840450,Contagem,Novo Eldorado
Barbearia Poseidon Praia da Costa,5527999724038,Vila Velha,Praia da Costa
BARBEARIA BBC EXPRESS - PRAIA DA COSTA,552735346564,Vila Velha,Praia da Costa
Fagundes Barbearia Praia da Costa,5527999577499,Vila Velha,Praia da Costa
Mancave Barbearia - Praia da Costa,5527995024030,Vila Velha,Praia da Costa
Barbearia Martins,5527997764348,Vila Velha,Praia da Costa
Ivonerio Silva Barbearia,5527988382214,Vila Velha,Praia da Costa
Barbearia Costa Urbana,5527997780137,Vila Velha,Praia da Costa
Barbearia Vila Velha - BVV,5527996169773,Vila Velha,Praia da Costa
Diretoria barbearia,5527999920803,Vila Velha,Praia da Costa
Barbearia Samuka,552732399389,Vila Velha,Praia da Costa
KIKO Barbearia,5527997512682,Vila Velha,Praia da Costa
Barbearia Barbano,5527997139160,Vila Velha,Praia da Costa
Black Barber Studio,5527992833262,Vila Velha,Praia da Costa
Aspectus Barbearia,552735343080,Vila Velha,Praia da Costa
Barbearia Itapoã | Vila Velha,5527998381943,Vila Velha,Itapoã
Art Cortes Barbearia,5527999595824,Vila Velha,Itapoã
Barbearia do Barba,5527981186487,Vila Velha,Itapoã
Kingdom Barbershop VV,5527996417268,Vila Velha,Itapoã
BARBEARIA SOUZA,5527996367855,Vila Velha,Itapoã
027 Barbershop | Itapuã Vila Velha,5527996687433,Vila Velha,Itapoã
Barbearia Café-Bar itapuã,5527996540305,Vila Velha,Itapoã
REIS BARBEARIA,5527981399353,Vila Velha,Itapoã
Barbearia Léo Jubini,5527998446740,Vila Velha,Itapoã
Barbearia Gedeon,552735346369,Vila Velha,Itapoã
Barbearia Don Geovane,5527999954400,Vila Velha,Itapoã
Barbearia Tio Bigode,5527995794322,Vila Velha,Itapoã
Barbearia do Edy,5527996878721,Vila Velha,Glória
O'Bill Barbearia,5527998738572,Vila Velha,Glória
Barbearia Badaró,5527998057013,Vila Velha,Glória
Barbearia último opção,5527988693400,Vila Velha,Glória
JULIU'S BARBEARIA,5527996310451,Vila Velha,Glória
Barbershop Elegance,5527995828224,Vila Velha,Glória
Barbearia Capitão Vinicius,5527988541504,Vila Velha,Glória
Senna Barbearia,5527981215381,Vila Velha,Glória
Barbearia do Fabrício,5528999747914,Vila Velha,Glória
Barbearia Junior,5527998195375,Vila Velha,Glória
Barbearia Dom Marques,5527995100978,Vila Velha,Glória
Vips barber shop,5527999704300,Vila Velha,Glória
Loja Universo dos Barbeiros,5527996110350,Vila Velha,Glória
Barbearia The Barbie,5527996030575,Vila Velha,Glória
Bonita que só ela Beauty Express | Unidade Glória VV,5527996176020,Vila Velha,Glória
Barbearia Dom Ventura,5527998387500,Vila Velha,Boa Vista II
Narbany Barbearia,5527996444329,Vila Velha,Boa Vista II
Barbearia O Masculino,5527992416151,Vila Velha,Boa Vista II
Alex Do Corte,5527997321778,Vila Velha,Boa Vista II
VikingZ Barber-shop,5527992010163,Vila Velha,Boa Vista II
Pires barbearia,5585987267905,Vila Velha,Boa Vista II
Barbearia do Diego,5527997487456,Vila Velha,Boa Vista II
Barbearia Vila Velha | The Barber House,5527999186379,Vila Velha,Boa Vista II
Barbearia Gonçalves,5527996475954,Vila Velha,Santa Mônica
Camarote Do Corte,5527997372702,Vila Velha,Santa Mônica
Stilu's Barbearia,5527995759481,Vila Velha,Santa Mônica
New face barbearia,5527999098141,Vila Velha,Santa Mônica
Barbearia Tikin do corte,5527988120385,Vila Velha,Santa Mônica
Barba Rara,5527995193624,Vila Velha,Santa Mônica
Barbearia Titan,5527999106561,Vila Velha,Santa Mônica
Hallef barber,5527999599316,Vila Velha,Santa Mônica
Barbearia e Studio JH,5527998839673,Vila Velha,Santa Mônica
"Barbearia Seu Ambrósio - Santa Mônica Vila Velha - Qualidade Garantida, Preços Incríveis",5527995006026,Vila Velha,Santa Mônica
Barbearia NB - Barbaterapia,5527998644218,Vila Velha,Santa Mônica
BARBEIRO.COM_ITAPARICA,5527999514409,Vila Velha,Santa Mônica
