Telefone,Cidade,Bairro,Nome,Website,E-mail,E-mail2
+55 47 3311-4288,itajai,Centro,Barbearia VIP Itajaí,https://www.instagram.com/barbeariavipitajai/,,
+55 47 98495-1957,itajai,Centro,Barbearia Studio A - Social Club,,,
+55 47 3224-4332,itajai,Centro,Gajo Barber Shop Centro - Barbearia,,,
+55 47 99106-2005,itajai,Centro,Barbearia Distrito Conceito,https://wa.me/message/6KLJF2ZHB3QKM1,,
+55 47 99626-1171,itajai,Centro,Barbearia Brooklyn 1869,http://instagram.com/1869brooklyn,,
+55 47 99744-2494,itajai,Centro,Itajahy Barbearia - Centro,https://www.instagram.com/itajahybarbearia/,,
+55 47 99128-0464,itajai,Centro,Barbearia Cosmos,,,
+55 47 97400-0033,itajai,Centro,Barbearia Royal & Co,,,
+55 47 99649-6285,itajai,Centro,Barbearia Mr. Finger,https://wa.me/554796496285,,
+55 47 99746-5557,itajai,Centro,Wild barbers,https://www.facebook.com/wildbarbersbr/,,
+55 48 99152-4009,itajai,Centro,Pittarus - A Barbearia de Itajaí,http://bit.ly/Agendamento-jow,,
+55 47 99108-5777,itajai,Centro,Don Mezoni Barbearia,https://instagram.com/donmezoni_barbearia?igshid=YmMyMTA2M2Y=,,
+55 47 99772-8524,itajai,Centro,Barbearia Paulista,https://wa.me/c/554797728524,,
+55 47 98894-9314,itajai,Cidade Nova,Nei's Barber Shop,,,
+55 47 99766-2932,itajai,Cidade Nova,Barbearia do Marcio,https://www.instagram.com/barbeariadomarcio_,,
+55 47 99209-6291,itajai,Cidade Nova,Barbearia leandro,,,
+55 47 99683-2083,itajai,Cidade Nova,Barbearia lessa,https://www.facebook.com/lessa.barbeiro,,
+55 47 3248-5330,itajai,Cidade Nova,BARBEARIA DO LUIZ,,,
+55 47 98426-7463,itajai,Cidade Nova,Fratelli's Barbearia,https://instagram.com/fratellisbarbearia?igshid=YmMyMTA2M2Y=,,
+55 47 99795-4969,itajai,Cidade Nova,BARBEARIA GRATIDÃO,,,
+55 47 98850-8973,itajai,Cidade Nova,Barbearia Soulblack,https://api.whatsapp.com/send?phone=5547988508973&text=Opa!%20Tudo%20bem!,,
+55 47 99921-7467,itajai,Cidade Nova,D&S barbearia e tranças,,,
+55 47 99689-8312,itajai,Cidade Nova,Barbearia Do Bahia,,,
+55 47 98436-8864,itajai,Cidade Nova,BARBEARIA CENTRAL,,,
undefined,itajai,Cidade Nova,Barbearia Matos,,,
+55 47 99968-6797,itajai,Cidade Nova,Chieta Barbeiro,,,
+55 47 99908-2051,itajai,Cidade Nova,Barbearia Sacerdote,https://www.instagram.com/barbearia_sacerdote12?igsh=MWxjYXdrcGVqNnN1MQ==,,
+55 47 99283-9207,itajai,Cidade Nova,Toninho Barbearia,,,
+55 47 98862-8814,itajai,Cidade Nova,L7 barbearia,https://instagram.com/l7_barbeariaa?igshid=ZDdkNTZiNTM=,,
undefined,itajai,Cidade Nova,BARBEARIA DO CARIOCA,,,
+55 47 99733-8872,itajai,Cidade Nova,Impulsebarbertattoo,,,
+55 47 98851-5254,itajai,São Vicente,Barbearia GOOD Barber Shop,,,
+55 47 99234-4671,itajai,São Vicente,Barbearia do Cesinha,,,
+55 47 99661-2310,itajai,São Vicente,Barbearia Black & White,,,
+55 47 99712-0840,itajai,São Vicente,MÁRCIO SANTOS BARBEARIA,,,
+55 47 99195-6591,itajai,São Vicente,Barbearia Brazilian Storm,https://www.instagram.com/brazilianstormbarber,,
+55 47 99941-1731,itajai,São Vicente,Roots Barber Shop,,,
+55 47 99909-8173,itajai,São Vicente,Barbearia San Vicent,,,
+55 47 3224-0926,itajai,São Vicente,Barbearia 902,,,
+55 47 99756-6386,itajai,São Vicente,Barbearia Fabricio,,,
+55 47 99713-1435,itajai,São Vicente,Zero1 Barbershop,,,
+55 47 99757-0192,itajai,São Vicente,KG Barbearia,https://instagram.com/kg_barber_shop_club?utm_medium=copy_link,,
undefined,itajai,São Vicente,Barbearia + Barba,http://www.facebook.com/barbeariamaisbarbaoficial,,
+55 47 99645-8832,itajai,São Vicente,Barbearia Dolly corte,,,
+55 47 99952-5154,itajai,Dom Bosco,Barbearia Officina Da Barba,,,
+55 47 99758-5020,itajai,Dom Bosco,Barbearia Triunfo,,,
+55 47 99787-1441,itajai,Dom Bosco,Barbearia Coutinho,,,
+55 47 99284-4625,itajai,Dom Bosco,Gandolf Barbearia,https://www.instagram.com/gandolfbarbershop/,,
+55 41 98851-8219,itajai,Dom Bosco,ArtCorts Barbearia,,,
+55 47 99934-9600,itajai,Dom Bosco,Ben-Hur barbearia e galeria,,,
+55 47 99752-1807,itajai,Dom Bosco,BARBEARIA LOFTY Atendimento por ordem de chegada,,,
undefined,itajai,Dom Bosco,Barbearia Machado,,,
+55 47 98851-5254,itajai,Dom Bosco,Barbearia GOOD Barber Shop,,,
+55 47 99106-2005,itajai,Dom Bosco,Barbearia Distrito Conceito,https://wa.me/message/6KLJF2ZHB3QKM1,,
+55 47 99203-4579,itajai,Dom Bosco,Barbearia Big Boss,,,
+55 47 99902-2885,itajai,Dom Bosco,ByGod Barbershop,https://www.instagram.com/bygod_barbershop/,,
+55 47 99766-2932,itajai,Dom Bosco,Barbearia do Marcio,https://www.instagram.com/barbeariadomarcio_,,
+55 47 99785-9191,itajai,Dom Bosco,TJ Barbearia - Itajaí,https://www.instagram.com/thiagobbarber/,,
+55 47 3311-4288,itajai,Dom Bosco,Barbearia VIP Itajaí,https://www.instagram.com/barbeariavipitajai/,,
+55 47 3247-2908,itajai,Fazenda,Barbearia Fazenda,,,
+55 47 3224-4332,itajai,Fazenda,Gajo Barbearia Shop Fazenda,,,
+55 47 98495-1957,itajai,Fazenda,Barbearia Studio A - Social Club,,,
+55 47 99679-1191,itajai,Fazenda,Studio Robson,https://instagram.com/studiurobson_,,
+55 47 98854-6919,itajai,Fazenda,Hostin Store,https://www.instagram.com/hostinstore/,,
+55 83 99942-5090,itajai,Fazenda,Barbearia Corte Nobre 💈,https://www.instagram.com/barbearia_corte_nobree/profilecard/?igsh=MXJieGVnenpoYndpZw==,,
+55 47 99772-8524,itajai,Fazenda,Barbearia Paulista,https://wa.me/c/554797728524,,
+55 47 99916-0305,itajai,Fazenda,Barbearia Sangue bom 047,,,
+55 47 3311-4288,itajai,Fazenda,Barbearia VIP Itajaí,https://www.instagram.com/barbeariavipitajai/,,
+55 47 99752-1807,itajai,Fazenda,BARBEARIA LOFTY Atendimento por ordem de chegada,,,
+55 47 98894-9314,itajai,Fazenda,Nei's Barber Shop,,,
+55 47 99122-4892,Itapema,Centro,Dom German,,,
+55 48 99961-8491,Itapema,Centro,Barbearia da Skina,https://www.instagram.com/barbeariadaskina_/,,
+55 47 99908-6646,Itapema,Centro,Barbearia Br-Zinho barbeiro Shop,https://www.instagram.com/br_zinho_barbershop?igsh=N3RmbXFtZnllMzc1,,
+55 47 99917-1160,Itapema,Centro,Barbearia BlackBarber,,,
+55 47 99657-5146,Itapema,Centro,Barbearia VIP Life Studio,https://www.instagram.com/viplife_studio?igsh=NXd0ZXppNHpmdmJy&utm_source=qr,,
+55 47 99619-6319,Itapema,Centro,Caioduscorte Barbearia,,,
+55 47 99244-9377,Itapema,Centro,Barbearia Franco Aparatto,,,
+55 47 99199-3871,Itapema,Centro,Barbearia Duas Rodas - Matriz,https://www.instagram.com/barbearia_duas.rodas/,,
+55 47 99625-2030,Itapema,Centro,Barbearia JB,,,
+55 47 99182-7009,Itapema,Centro,Barbearia Seven,https://instagram.com/sevenbarbearia_7?igshid=YmMyMTA2M2Y=,,
+55 47 99173-4427,Itapema,Centro,Barbearia Sr. Menezes,https://instagram.com/sr.meenezees?utm_medium=copy_link,,
+55 47 99282-3484,Itapema,Centro,Greff Barbearia,,,
+55 47 98438-3854,Itapema,Centro,Barbearia Black Sheep Itapema,,,
+55 47 99124-4168,Itapema,Meia Praia,Barbearia Junior's Meia Praia,https://www.instagram.com/barbeariajuniorsmeiapraia/,,
+55 47 99172-7085,Itapema,Meia Praia,Barbearia VIP Meia Praia,https://wa.me/5547991727085,,
+55 47 99729-2046,Itapema,Meia Praia,Mans'space Barbearia,https://api.whatsapp.com/send?phone=5547997292046&text=Ol%C3%A1%20vi%20seu%20contato%20no%20Google.,,
+55 47 98438-3854,Itapema,Meia Praia,Barbearia Black Sheep Itapema,,,
+55 47 99235-0651,Itapema,Meia Praia,Studio Dilson Barbearia - Meia Praia,https://www.instagram.com/std_meiapraia?igsh=aTFla3c5Z2dwY3Zn,,
+55 47 3269-1805,Itapema,Meia Praia,Baritá Barbearia,http://instagram.com/baritabarbershop,,
+55 47 3366-8573,Itapema,Meia Praia,Barbearia Rei Bigode,,,
+55 47 99171-4936,Itapema,Meia Praia,Barbearia Yuri's Barber,https://www.instagram.com/yurisbarber_shop/,,
+55 47 99639-6975,Itapema,Meia Praia,Imperium Barbearia,,,
+55 47 99181-5569,Itapema,Meia Praia,The Boys Barbearia,,,
+55 47 99269-4284,Itapema,Meia Praia,La Madre Barbearia,https://www.instagram.com/lamadrebarbershop/,,
+55 47 99163-7465,Itapema,Meia Praia,Marujo's Barbearia,https://wa.me/5547991637465,,
+55 47 99285-2140,Itapema,Meia Praia,Barbearia Bigodeira Itapema,,,
+55 47 99903-6157,Itapema,Meia Praia,Barbearia New Time,,,
+55 47 99934-0268,Itapema,Morretes,Mathiolo`s Barbearia - Unidade 1,http://instagram.com/barbeariadomathiolo/,,
+55 47 99194-0635,Itapema,Morretes,100 Luxo Barberia,,,
+55 47 99267-3279,Itapema,Morretes,Barbearia Dom Brocardo,,,
+55 47 99133-4395,Itapema,Morretes,JC Barbearia,,,
+55 47 99629-6468,Itapema,Morretes,Minair Studio de Beleza e Barbearia em Itapema,,,
+55 51 99864-5026,Itapema,Morretes,Barbearia cabral,,,
+55 47 99718-7573,Itapema,Morretes,Barbearia GW,,,
+55 47 99281-2141,Itapema,Morretes,Barbearia Bacano,,,
+55 47 99610-5064,Itapema,Morretes,Brother's Barbearia,,,
+55 47 99934-0268,Itapema,Morretes,Mathiolo`s Barbearia - Unidade 2,http://instagram.com/barbeariadomathiolo/,,
+55 47 99945-2000,Itapema,Morretes,Barbearia RF,,,
+55 47 99102-8900,Itapema,Morretes,Studio-w Barbearia,,,
+55 47 99222-1921,Itapema,Morretes,Barbearia Raiz,,,
+55 47 98891-1994,Itapema,Morretes,Riva´s Barbearia,,,
+55 47 99653-1556,Itapema,Ilhota,Barbearia Andrade,,,
+55 47 99956-3767,Itapema,Ilhota,Barbearia Hüsken,https://whatsapp.com/channel/0029Vb6LXFP4tRrqUn8BlP1j,,
+55 47 99199-3871,Itapema,Ilhota,Barbearia Duas Rodas - Matriz,https://www.instagram.com/barbearia_duas.rodas/,,
+55 47 99122-4892,Itapema,Ilhota,Dom German,,,
+55 48 99961-8491,Itapema,Ilhota,Barbearia da Skina,https://www.instagram.com/barbeariadaskina_/,,
+55 47 99137-6799,Itapema,Ilhota,BARBEARIA DO KAKO,,,
+55 47 98468-1191,Itapema,Ilhota,Barbearia Litoral,,,
+55 47 99972-7937,Itapema,Ilhota,Academia do corte47,,,
+55 47 99908-6646,Itapema,Ilhota,Barbearia Br-Zinho barbeiro Shop,https://www.instagram.com/br_zinho_barbershop?igsh=N3RmbXFtZnllMzc1,,
+55 47 99657-5146,Itapema,Ilhota,Barbearia VIP Life Studio,https://www.instagram.com/viplife_studio?igsh=NXd0ZXppNHpmdmJy&utm_source=qr,,
+55 47 99917-1160,Itapema,Ilhota,Barbearia BlackBarber,,,
+55 47 99619-6319,Itapema,Ilhota,Caioduscorte Barbearia,,,
+55 47 99908-6646,Itapema,Canto da Praia,Barbearia Br-Zinho barbeiro Shop,https://www.instagram.com/br_zinho_barbershop?igsh=N3RmbXFtZnllMzc1,,
+55 47 99917-1160,Itapema,Canto da Praia,Barbearia BlackBarber,,,
+55 47 99172-7085,Itapema,Canto da Praia,Barbearia VIP Meia Praia,https://wa.me/5547991727085,,
+55 47 98438-3854,Itapema,Canto da Praia,Barbearia Black Sheep Itapema,,,
+55 47 99199-3871,Itapema,Canto da Praia,Barbearia Duas Rodas - Matriz,https://www.instagram.com/barbearia_duas.rodas/,,
+55 48 99961-8491,Itapema,Canto da Praia,Barbearia da Skina,https://www.instagram.com/barbeariadaskina_/,,
+55 47 99124-4168,Itapema,Canto da Praia,Barbearia Junior's Meia Praia,https://www.instagram.com/barbeariajuniorsmeiapraia/,,
+55 47 99173-4427,Itapema,Canto da Praia,Barbearia Sr. Menezes,https://instagram.com/sr.meenezees?utm_medium=copy_link,,
+55 47 3269-1805,Itapema,Canto da Praia,Baritá Barbearia,http://instagram.com/baritabarbershop,,
+55 47 99182-7009,Itapema,Canto da Praia,Barbearia Seven,https://instagram.com/sevenbarbearia_7?igshid=YmMyMTA2M2Y=,,
+55 41 99961-1989,Itapema,Canto da Praia,Tropical Glam,,,
+55 47 99171-4936,Itapema,Canto da Praia,Barbearia Yuri's Barber,https://www.instagram.com/yurisbarber_shop/,,
+55 47 3398-3771,Balneário Camboriú,Centro,Barbearia VIP Balneário Camboriú,https://www.instagram.com/barbeariavipbc/,,
+55 47 3056-7433,Balneário Camboriú,Centro,"Barbearia Muse, barba, corte, barbershop, peluqueria Balneário Camboriú",https://www.instagram.com/musebarbearia,,
+55 47 99645-4658,Balneário Camboriú,Centro,Moraes Barbearia,,,
+55 47 99903-3364,Balneário Camboriú,Centro,Barbearia Barão da Navalha - Balneário Camboriú,https://www.instagram.com/baraodanavalhab.c/,,
+55 47 3311-2029,Balneário Camboriú,Centro,Barbearia VIP Balneário Camboriú da Avenida Brasil,https://www.instagram.com/barbeariavipbcdabrasil,,
+55 47 99612-7107,Balneário Camboriú,Centro,Farol Barber & Co II,https://wa.me/5547992748562,,
+55 47 99730-9509,Balneário Camboriú,Centro,CONTI BARBEARIA,,,
+55 47 99950-8928,Balneário Camboriú,Centro,Champs Barbearia Shop - Barbearia em Balneário Camboriú,,,
+55 47 3056-3326,Balneário Camboriú,Centro,Morgam's Barbearia e Cervejaria,https://www.instagram.com/morgamsbarbearia/,,
+55 47 99685-3669,Balneário Camboriú,Centro,Augusttus Barbearia - Cortes de Cabelo,https://bit.ly/WhatsAppbarbeariaaugusttus,,
+55 47 99932-2594,Balneário Camboriú,Barra,Barbearia Sec Xxi,,,
+55 47 99639-3016,Balneário Camboriú,Barra,Thiago Barbearia,https://instagram.com/barbeariadorval,,
+55 47 99975-4234,Balneário Camboriú,Barra,Madrid Barbershop,https://wa.me/5547999754234,,
+55 47 3311-0833,Balneário Camboriú,Barra,GC Barbershop - Barbearia Balneário Camboriú,https://www.instagram.com/gcbarbershopbc,,
+55 47 99774-5498,Balneário Camboriú,Barra,Godois Barbearia,,,
+55 47 99903-3364,Balneário Camboriú,Barra,Barbearia Barão da Navalha - Balneário Camboriú,https://www.instagram.com/baraodanavalhab.c/,,
+55 47 99766-0860,Balneário Camboriú,Barra,21Kilates Barbearia,https://www.instagram.com/21kilates_barbearia?igsh=Y3Q4NWExanF6dzR0&utm_source=qr,,
+55 47 99113-8610,Balneário Camboriú,Barra,Barbearia Bronx. balneario camboriu,,,
+55 47 98910-1808,Balneário Camboriú,Barra,Rat’s Barber,https://wa.me/5547989101808,,
+55 47 99744-1816,Balneário Camboriú,Barra,Barbearia - Navalha De Ouro,,,
+55 47 3398-3771,Balneário Camboriú,Barra,Barbearia VIP Balneário Camboriú,https://www.instagram.com/barbeariavipbc/,,
+55 47 3056-3326,Balneário Camboriú,Barra,Morgam's Barbearia e Cervejaria,https://www.instagram.com/morgamsbarbearia/,,
+55 47 99926-7759,Balneário Camboriú,Barra,Barbearia do Leandro,,,
+55 47 2033-1200,Balneário Camboriú,Ariribá,Barbearia The Butchers,,,
undefined,Balneário Camboriú,Ariribá,Barbearia Avenida,,,
+55 47 99134-6205,Balneário Camboriú,Ariribá,Barbearia Cavalheiros Bc,,,
+55 47 99779-0398,Balneário Camboriú,Ariribá,Barbearia Raiol - Corte e Barba,,,
+55 47 3056-3326,Balneário Camboriú,Ariribá,Morgam's Barbearia e Cervejaria,https://www.instagram.com/morgamsbarbearia/,,
+55 47 99994-0120,Balneário Camboriú,Ariribá,Barbearia Sr.Wilson,https://www.instagram.com/barbearia.srwilson?igsh=MTM1djA4emM3Z3R4Yg%3D%3D&utm_source=qr,,
+55 47 99983-0693,Balneário Camboriú,Ariribá,BARBEARIA EVANGELISTA,https://wa.me/5547999830693,,
+55 47 3311-2029,Balneário Camboriú,Ariribá,Barbearia VIP Balneário Camboriú da Avenida Brasil,https://www.instagram.com/barbeariavipbcdabrasil,,
+55 47 98841-6804,Balneário Camboriú,Ariribá,Barbearia KCF,,,
+55 47 99779-9624,Balneário Camboriú,Ariribá,Jarel Barbearia,,,
+55 47 99645-4658,Balneário Camboriú,Ariribá,Moraes Barbearia,,,
+55 47 99776-4266,Balneário Camboriú,Ariribá,Barbearia Coronado,,,
+55 47 99612-7107,Balneário Camboriú,Ariribá,Farol Barber & Co II,https://wa.me/5547992748562,,
+55 47 99771-9282,Balneário Camboriú,Nações,Barbearia Fênix,,,
+55 47 99608-4238,Balneário Camboriú,Nações,Estilo Para Homens Nações,https://www.facebook.com/estiloparahomenstb/,,
+55 47 99983-0693,Balneário Camboriú,Nações,BARBEARIA EVANGELISTA,https://wa.me/5547999830693,,
+55 47 99689-6584,Balneário Camboriú,Nações,BARBEARIA CAMISA 10,,,
+55 47 99119-3264,Balneário Camboriú,Nações,Barbearia do João,,,
+55 47 99994-0120,Balneário Camboriú,Nações,Barbearia Sr.Wilson,https://www.instagram.com/barbearia.srwilson?igsh=MTM1djA4emM3Z3R4Yg%3D%3D&utm_source=qr,,
+55 47 99981-8692,Balneário Camboriú,Nações,Barbearia Royal Cutz,https://www.instagram.com/royal_cutzbarber/,,
+55 47 99195-2640,Balneário Camboriú,Nações,Barbearia Peck Barber,https://instagram.com/barbearia_peck.barber?igshid=MzRlODBiNWFlZA==,,
+55 47 99779-9624,Balneário Camboriú,Nações,Jarel Barbearia,,,
+55 47 99192-7050,Balneário Camboriú,Nações,Barbearia Evangelista Unidade 2,https://www.instagram.com/barbeariaevangelista.un2/,,
+55 47 98423-4228,Balneário Camboriú,Nações,Barbearia do Tiago | BC,https://instagram.com/barbeariado_tiagobc?igshid=NTc4MTIwNjQ2YQ==,,
undefined,Balneário Camboriú,Nações,Everton Barbearia,,,
undefined,Balneário Camboriú,Nações,Barbearia Avenida,,,
+55 47 99244-0796,Balneário Camboriú,Nações,La Única Barbershop,https://instagram.com/launicabarbershop_?igshid=MzRlODBiNWFlZA==,,
+55 47 99645-4658,Balneário Camboriú,Nações,Moraes Barbearia,,,
+55 47 99612-7107,Balneário Camboriú,Estaleiro,Farol Barber & Co II,https://wa.me/5547992748562,,
+55 47 99932-2594,Balneário Camboriú,Estaleiro,Barbearia Sec Xxi,,,
+55 47 99645-4658,Balneário Camboriú,Estaleiro,Moraes Barbearia,,,
+55 47 3398-3771,Balneário Camboriú,Estaleiro,Barbearia VIP Balneário Camboriú,https://www.instagram.com/barbeariavipbc/,,
+55 47 99994-0120,Balneário Camboriú,Estaleiro,Barbearia Sr.Wilson,https://www.instagram.com/barbearia.srwilson?igsh=MTM1djA4emM3Z3R4Yg%3D%3D&utm_source=qr,,
+55 47 99639-3016,Balneário Camboriú,Estaleiro,Thiago Barbearia,https://instagram.com/barbeariadorval,,
+55 47 99926-6791,Balneário Camboriú,Estaleiro,Barbearia Milano,https://www.instagram.com/barbearia_milano?igsh=MTQzbzVibW8yNGY2dQ%3D%3D&utm_source=qr,,
+55 47 3311-0833,Balneário Camboriú,Estaleiro,GC Barbershop - Barbearia Balneário Camboriú,https://www.instagram.com/gcbarbershopbc,,
+55 47 3056-3326,Balneário Camboriú,Estaleiro,Morgam's Barbearia e Cervejaria,https://www.instagram.com/morgamsbarbearia/,,
+55 47 99604-7679,Balneário Camboriú,Estaleiro,Barbearia Barbosa,,,
+55 11 3105-5647,São Paulo,Centro Histórico,Barbearia - Salão Brasil - São Bento,,,
+55 11 91306-1616,São Paulo,Centro Histórico,A Barbearia Express - Shopping light,https://www.instagram.com/a_barbearia_express/,,
+55 11 99464-8174,São Paulo,Centro Histórico,Barbearia Marconi,,,
+55 11 96364-9826,São Paulo,Centro Histórico,Barbearia Alfadi - Santa Ifigênia,https://wa.me/5511963649826,,
+55 11 96032-9910,São Paulo,Centro Histórico,Fran's Barbearia,http://www.instagram.com/fransbarbeariaa,,
+55 11 93715-3551,São Paulo,Centro Histórico,BARBERSHOP S.A.,,,
+55 11 98178-1320,São Paulo,Centro Histórico,Rafael Lima Barbearia,https://www.instagram.com/rafaelsade_barber?igsh=Z3hudWc1c3JuNmV5,,
+55 11 96349-3228,São Paulo,Centro Histórico,Barbearia Suprema,https://www.instagram.com/barbearia_suprema/,,
+55 11 3255-6823,São Paulo,Centro Histórico,Huguinhos Cabeleireiro Masculino,,,
+55 11 93379-5714,São Paulo,Avenida Paulista,Barbearia av paulista - São Barba,,,
+55 11 95748-2000,São Paulo,Avenida Paulista,Barbearia av paulista - São barba /Alameda Santos,,,
+55 11 3082-1027,São Paulo,Avenida Paulista,Com Navalha - Barbearia Brigadeiro,https://www.instagram.com/comnavalha.com.br/,,
+55 11 96625-4739,São Paulo,Avenida Paulista,Barbearia Studio Fields,https://www.instagram.com/barbeariastudiofields?igsh=N2wzMWs5ZHdzOGZs,,
+55 11 93214-2374,São Paulo,Avenida Paulista,R.Kelly Studio,,,
undefined,São Paulo,Avenida Paulista,Antonio - Barber,,,
+55 11 96211-8013,São Paulo,Mooca,Barbearia Mooca Datenna,https://www.instagram.com/p/C6JmwiTuEU9/?igsh=MXA5OXV5Z2xlZnV5bQ==,,
+55 11 99345-2786,São Paulo,Mooca,Zulatto Barbearia na Mooca,https://www.instagram.com/zulatto_barbershop,,
+55 11 93218-0662,São Paulo,Mooca,Barbearia Conventi Mooca IV,,,
+55 11 94890-2009,São Paulo,Mooca,Barbearia Dom Papito unidade Mooca,,,
+55 11 97743-3163,São Paulo,Mooca,Barbearia do Oleiro - Barbearia na Mooca,,,
+55 11 99658-5100,São Paulo,Pinheiros,Barbeiro da Esquina Pinheiros,,,
+55 11 97690-0924,São Paulo,Pinheiros,Barbearia The Captain’s - Pinheiros,,,
+55 11 2478-2748,São Paulo,Pinheiros,Barbearia Black Zone Pinheiros Fradique Coutinho,,,
+55 11 97795-8678,São Paulo,Pinheiros,Barbearia Los Cordeiros,https://bit.ly/AgendamentoBarbeariaLosCordeiros,,
+55 11 99434-2887,São Paulo,Pinheiros,Barbearia - O General Club - Pinheiros,https://www.instagram.com/generalolimpiobarbershop/,,
+55 11 3567-8446,São Paulo,Pinheiros,Mezzo Studio & Barbearia,https://www.instagram.com/mezzostudiobarber?igsh=OWpyY2RsNTJma2kz,,
+55 11 96316-3380,São Paulo,Pinheiros,Madame Tesoura / Por Diogo Paschoal,,,
+55 11 98015-0754,São Paulo,Vila Mariana,Janis Bull Barbearia-Vila Mariana,http://instagram.com/janisbullbarbearia,,
+55 11 99753-0289,São Paulo,Vila Mariana,Drip & Cut Barber Co.,,,
+55 11 98388-1227,São Paulo,Vila Mariana,Cave Barbearia,https://www.instagram.com/cavebarbearia/,,
+55 11 93936-7484,São Paulo,Vila Mariana,Barbearia Art Shave - Unidade Vila Mariana,http://www.instagram.com/barbeariaartshave,,
+55 11 99854-2293,São Paulo,Vila Mariana,Metrô Barbershop - Barbearia,https://www.instagram.com/metrobarbershop_,,
+55 11 5908-1673,São Paulo,Vila Mariana,Barber SP,,,
+55 19 99235-0603,Campinas,Centro,Barbearia 1985,,,
+55 19 99320-6447,Campinas,Centro,Scobar Barbearia,https://www.instagram.com/scobar.store_barbearia/,,
+55 19 99156-3904,Campinas,Centro,Kaká Cortes - Barbearia,,,
+55 19 3233-0987,Campinas,Centro,The Brothers Barbershop,,,
+55 19 99522-0451,Campinas,Centro,Raça Negra Cabeleireiros,http://www.facebook.com/everton.racanegra,,
+55 19 98352-8742,Campinas,Centro,Jhow Barber's,http://www.instagram.com/jhowbarberr,,
undefined,Campinas,Centro,Vicente barbearia,http://instagram.com/vicenttebarbearia,,
+55 19 3236-1492,Campinas,Centro,Barbearia Star's,,,
+55 19 97134-1740,Campinas,Centro,Studio Forest,,,
+55 19 99551-3779,Campinas,Centro,Aquidabã Barbearia,https://www.instagram.com/aquidabarbearia/,,
+55 19 99261-1500,Campinas,Centro,Tribos - Cabelos e Afeto,https://www.instagram.com/tribos.cabelos.afeto/,,
+55 19 97153-1577,Campinas,Centro,London Barbearia CPS,https://wa.me/message/HHBWSB2T4SW6E1,,
undefined,Campinas,Centro,Brooklyn,,,
+55 19 99982-2617,Campinas,Cambuí,Citybarba,https://instagram.com/citybarba?igshid=YzcxN2Q2NzY0OA==,,
+55 19 99505-5137,Campinas,Cambuí,Barbearia Anchieta,,,
+55 19 99616-5869,Campinas,Cambuí,Freedom Barbershop,https://instagram.com/freedombarbearia?igshid=YmMyMTA2M2Y=,,
+55 19 99999-7598,Campinas,Cambuí,Lucca Barbeiro Cambuí,https://bit.ly/LuccaBarbeiro,,
+55 19 99244-2460,Campinas,Cambuí,Barbearia Do Almeida,http://facebook.com/almeida.barbershop,,
+55 19 99469-2493,Campinas,Cambuí,Studio Cincinato Barber ©,https://instagram.com/cincinatobarber.ofc?igshid=MzRlODBiNWFlZA==,,
+55 19 3307-7473,Campinas,Taquaral,Barbearia Barba Real UNIDADE 2,,,
+55 19 3254-7341,Campinas,Taquaral,Barbearia Paula Bueno,,,
+55 19 99893-7850,Campinas,Taquaral,Barbearia WalBarber,https://www.instagram.com/studiowalbarber/,,
+55 19 3226-4004,Campinas,Taquaral,Barbearia Ricci Taquaral,https://www.instagram.com/riccibarbearia/,,
+55 19 3255-6847,Campinas,Taquaral,Salão Taquaral - Cabelereiro Masculino,,,
+55 19 98311-0387,Campinas,Taquaral,Barbearia Dom Romeu,,,
+55 19 3324-2807,Campinas,Taquaral,Alencar Barber Shop (Unidade 01),https://wa.me/5519993992277?text=Ol%C3%A1+gostaria+de+agendar+um+hor%C3%A1rio.+%23google,,
+55 19 99484-1961,Campinas,Taquaral,Thávma Barbearia,,,
+55 19 99301-2517,Campinas,Taquaral,Salao do léo,,,
+55 19 3243-9173,Campinas,Taquaral,Barbearia Barba Real,,,
+55 19 99873-9881,Campinas,Taquaral,Don march barbearia,,,
+55 19 99244-2460,Campinas,Taquaral,Barbearia Do Almeida,http://facebook.com/almeida.barbershop,,
+55 19 3367-7414,Campinas,Barão Geraldo,Hombrazo Barbearia - Barão Geraldo,https://www.instagram.com/hombrazo,,
+55 19 3722-6352,Campinas,Barão Geraldo,Salão Líder,,,
+55 19 98169-7496,Campinas,Barão Geraldo,Barbearia do Get | Barão Geraldo,,,
+55 19 99220-7344,Campinas,Barão Geraldo,Barbearia Saraiva,"http://wa.me/19992207344?text=Bem+vindo+a+%ED%A0%B5%ED%B0%81%ED%A0%B5%ED%B0%9A%ED%A0%B5%ED%B0%AB%ED%A0%B5%ED%B0%9B%ED%A0%B5%ED%B0%9E%ED%A0%B5%ED%B0%9A%ED%A0%B5%ED%B0%AB%ED%A0%B5%ED%B0%A2%ED%A0%B5%ED%B0%9A+%ED%A0%B5%ED%B0%92%ED%A0%B5%ED%B0%9A%ED%A0%B5%ED%B0%AB%ED%A0%B5%ED%B0%9A%ED%A0%B5%ED%B0%A2%ED%A0%B5%ED%B0%AF%ED%A0%B5%ED%B0%9A!+Para+adiantar+seu+agendamento+deixa+o+servi%C3%A7o,+dia+e+hor%C3%A1rio+que+voc%C3%AA+deseja!+%ED%A0%BD%ED%B8%89",,
+55 19 98801-2720,Campinas,Barão Geraldo,Barbearia Oficina do corte - Barão Geraldo,https://instagram.com/oficina_do_cortebarao_geraldo?igshid=MzRlODBiNWFlZA==,,
+55 19 99691-6677,Campinas,Barão Geraldo,KZ BARBEARIA,https://www.instagram.com/kzbarbearia/,,
+55 19 98838-5775,Campinas,Barão Geraldo,Barbearia Dom Navalhete,,,
+55 19 98157-9455,Campinas,Barão Geraldo,Barbearia J7,,,
+55 19 98112-3253,Campinas,Barão Geraldo,Salão Santo Antônio,,,
+55 19 2121-8545,Campinas,Barão Geraldo,Rubens Barbearia,,,
+55 19 99696-5740,Campinas,Jardim Chapadão,Barbearia Vk,,,
+55 19 97402-7232,Campinas,Jardim Chapadão,2E BARBER SHOP | BARBEARIA,http://www.instagram.com/2ebarbershop,,
+55 19 98128-7544,Campinas,Jardim Chapadão,Barbearia Robson Profissional desde 1993,,,
+55 19 99586-0920,Campinas,Jardim Chapadão,Avelino Barberclube,https://www.instagram.com/avelinobarberclub/,,
+55 19 98732-9153,Campinas,Jardim Chapadão,Barbearia Lord da Navalha,https://www.facebook.com/barbearialorddanavalha/,,
+55 19 3243-9173,Campinas,Jardim Chapadão,Barbearia Barba Real,,,
+55 19 98313-0849,Campinas,Jardim Chapadão,Luiz Barbearia Chapadão,,,
+55 19 98180-8975,Campinas,Jardim Chapadão,O Barba Barbearia,,,
+55 19 3396-6194,Campinas,Jardim Chapadão,Brooklyn Barber Shop | Barbearia em Campinas,https://instagram.com/brooklynbarbershop/,,
+55 19 98144-4418,Campinas,Jardim Chapadão,Barbearia Toca do Grillo,,,
+55 19 99399-2277,Campinas,Jardim Chapadão,Alencar Barber Shop (Unidade 02),https://wa.me/5519993992277?text=Ol%C3%A1+gostaria+de+agendar+um+hor%C3%A1rio.+#google,,
+55 19 98974-5418,Campinas,Jardim Chapadão,.91 Barbearia,,,
+55 19 98986-4812,Campinas,Jardim Chapadão,Barbearia Gomes Barbearia em Campinas,,,
+55 41 3319-9032,Curitiba,Batel,Viking BarberShop batel,https://www.google.com/url?sa=t&source=web&rct=j&url=https://www.instagram.com/barbearia_vikingbatel/&ved=2ahUKEwiTl4mtzKP5AhV_uZUCHQqrBjoQFnoECBQQAQ&usg=AOvVaw2O-dEz5Awh31XofKSOIoWQ,,
+55 41 3023-8928,Curitiba,Batel,Skull Mates Barbearia,https://www.instagram.com/skullmatesbarbearia/,,
+55 41 98514-8563,Curitiba,Batel,Wanderley barbeiro... barbeiro_wanderley,,,
+55 41 99866-9546,Curitiba,Batel,Barber Club - Barbearia,,,
+55 41 99213-5154,Curitiba,Batel,Barbeira e Esteticista Masculina Rosangela Tracz,,,
+55 41 99217-1940,Curitiba,Batel,Der Bart Barbearia,,,
+55 41 3083-7373,Curitiba,Batel,Urban Barber Shop,,,
+55 41 99793-8929,Curitiba,Batel,BARBEARIA LENON BARBEIRO NO TORRITON,,,
+55 41 99944-2215,Curitiba,Bigorrilho,Barbearia do Zé,,,
+55 41 3206-4143,Curitiba,Bigorrilho,Barbearia Señor Eli,https://www.instagram.com/barbearia.senor.eli,,
+55 41 3015-0873,Curitiba,Bigorrilho,Barbearia Ferrari,,,
+55 41 3319-9032,Curitiba,Bigorrilho,Viking BarberShop batel,https://www.google.com/url?sa=t&source=web&rct=j&url=https://www.instagram.com/barbearia_vikingbatel/&ved=2ahUKEwiTl4mtzKP5AhV_uZUCHQqrBjoQFnoECBQQAQ&usg=AOvVaw2O-dEz5Awh31XofKSOIoWQ,,
+55 41 3205-1325,Curitiba,Bigorrilho,Barbearia - Rubel Barber Suite,https://www.instagram.com/rubelbarbersuite,,
+55 41 99866-9546,Curitiba,Bigorrilho,Barber Club - Barbearia,,,
+55 41 99243-3194,Curitiba,Bigorrilho,Brilliantine Barbearia,https://instagram.com/brilliantine.barbearia?igshid=NzZlODBkYWE4Ng==,,
+55 41 99696-7230,Curitiba,Bigorrilho,Barbearia Chaves,https://www.instagram.com/barbeariachaves1988/,,
+55 41 98537-7838,Curitiba,Bigorrilho,Cabeleireiro Marlon Max,https://www.instagram.com/barbearia.ehbi/,,
+55 41 99766-4165,Curitiba,Bigorrilho,Barbearia Ateliê da Barba,,,
+55 41 3029-7541,Curitiba,Centro Cívico,Barbearia 1,,,
+55 41 3501-0365,Curitiba,Centro Cívico,Don Barbearia,http://www.facebook.com/donbarbearia,,
+55 41 3598-9540,Curitiba,Centro Cívico,Barbers In Barbearia,https://bit.ly/BarbersInBarbearia,,
+55 41 99559-4751,Curitiba,Centro Cívico,Barbearia Beto Barber,,,
+55 41 3078-1527,Curitiba,Centro Cívico,Barbearia República,http://www.facebook.com/barbeariarepublicacwb,,
+55 41 3253-7174,Curitiba,Juvevê,Barbearia Lumberjacks Juvevê,,,
+55 41 99797-5454,Curitiba,Juvevê,Marumbi Barbearia,https://www.instagram.com/barbeariamarumbi/,,
+55 41 99820-2645,Curitiba,Juvevê,Barber Shop Curitiba,https://www.facebook.com/barbershopcuritiba,,
+55 41 99877-6345,Curitiba,Juvevê,Barbiere Club,,,
+55 41 3252-0165,Curitiba,Juvevê,Grafitti Hair,,,
+55 41 99237-1997,Curitiba,Juvevê,Barbearia Kalyl,https://www.instagram.com/barbeariakalyl,,
+55 41 98485-8165,Curitiba,Juvevê,Barbearia Lumberjacks Moysés Marcondes,,,
+55 41 99822-9426,Curitiba,Juvevê,Debarba Barbearia,,,
+55 41 3252-4765,Curitiba,Juvevê,Iaba-Daba-Doo,,,
+55 41 3077-0522,Curitiba,Alto da XV,Barbearia Barbs,,,
+55 41 3501-6146,Curitiba,Alto da XV,Scarfades Barbershop,http://facebook.com/scarfadesbarbershopcwb,,
+55 41 99739-2472,Curitiba,Alto da XV,Romeu Barbershop,http://www.instagram.com/romeubarbershop,,
+55 41 3434-4080,Curitiba,Alto da XV,Barbearia Mr. Migs,https://instagram.com/mrmigsbarber,,
+55 41 99118-7130,Curitiba,Alto da XV,Khayus Barbershop,,,
+55 41 99865-8412,Curitiba,Alto da XV,Barbearia Camões,https://www.instagram.com/barbeariacamoes?igsh=MW1rZWJwOGM1cmVrYg==,,
+55 41 3045-4734,Curitiba,Alto da XV,Nixon's barbearia,https://www.instagram.com/kendricklamar/,,
+55 41 99820-2645,Curitiba,Alto da XV,Barber Shop Curitiba,https://www.facebook.com/barbershopcuritiba,,
+55 43 3323-7841,Londrina,Centro,Barbearia Prado,https://l.instagram.com/?u=https%3A%2F%2Flinktr.ee%2Fbarbeariaprado%3Futm_source%3Dlinktree_profile_share%26ltsid%3Daf7265c6-53aa-4b78-8104-0426ed7ed581&e=AT3dUjRIyFGto-kYseLvkfjQTVTyxRRba-pSqho8OZoMDWdKpEmdAwNtDNk6-W3SC8oswi83GQpxpsJcmq65T5g_YKMeahqj-cvFEjz9BaOHLrU2wEb25Q,,
+55 43 99122-8737,Londrina,Centro,Barbearia Senador,,,
+55 43 99172-5982,Londrina,Centro,JL Barbearia,,,
+55 43 3324-6226,Londrina,Centro,Barbearia Don Sebastião,,,
+55 43 99143-5765,Londrina,Centro,BARBEARIA ZERO 13,https://www.instagram.com/zero_13_barbearia/,,
+55 43 3361-0400,Londrina,Centro,Barbearia Alameda,https://www.facebook.com/alamedabarbearialondrina/,,
+55 43 99666-3535,Londrina,Centro,King Barbearia em Londrina,https://www.instagram.com/kingbarbeariia/,,
+55 43 99618-0663,Londrina,Gleba Palhano,Barbearia Lincoln Gonçalves,https://www.facebook.com/lincolngoncalvesbarbearia/?pnref=lhc,,
+55 43 99644-1953,Londrina,Gleba Palhano,LOGAN BARBEARIA,https://www.facebook.com/loganbarbearialondrina/,,
+55 43 3067-1610,Londrina,Jardim Igapó,Barbearia Custom,,,
+55 43 99633-8358,Londrina,Jardim Igapó,Barbearia João Querubim,https://www.instagram.com/joaoquerubimbarbearia/,,
+55 43 3028-6853,Londrina,Jardim Igapó,BARBEARIA KINOSHITA,https://www.facebook.com/KinoshitaBarbearia/,,
+55 43 98456-5540,Londrina,Jardim Igapó,Sergio C. Barbearia,https://www.facebook.com/SergioC.Barbearia,,
+55 43 99699-2252,Londrina,Jardim Igapó,Macena Barber Shop,,,
+55 43 99644-1953,Londrina,Jardim Igapó,LOGAN BARBEARIA,https://www.facebook.com/loganbarbearialondrina/,,
+55 43 99916-1444,Londrina,Jardim Igapó,Gusmão Barbearia,https://api.whatsapp.com/send?phone=5543999161444,,
+55 43 98436-2330,Londrina,Jardim Igapó,Barbearia Borges,,,
+55 43 98498-0708,Londrina,Jardim Igapó,BARBEARIA DON MORASK,,,
+55 43 99618-0663,Londrina,Jardim Bancários,Barbearia Lincoln Gonçalves,https://www.facebook.com/lincolngoncalvesbarbearia/?pnref=lhc,,
+55 43 99954-7851,Londrina,Jardim Bancários,MARIO - O seu Barbeiro,http://www.instagram.com/mariooseubarbeiro,,
+55 43 99666-3535,Londrina,Jardim Bancários,King Barbearia em Londrina,https://www.instagram.com/kingbarbeariia/,,
+55 43 3338-0627,Londrina,Jardim Bancários,BARBEARIA GOBATO,,,
+55 43 99644-1953,Londrina,Jardim Bancários,LOGAN BARBEARIA,https://www.facebook.com/loganbarbearialondrina/,,
+55 43 99647-7767,Londrina,Jardim Bancários,Hiltel Barbearia,http://instagram.com/hiltelbarbearia,,
+55 43 3367-6158,Londrina,Jardim Bancários,Barbearia e Centro de Formação Flávio Dias,,,
+55 43 99966-2376,Londrina,Jardim Bancários,Fato 03 Barbearia,,,
+55 43 3027-4263,Londrina,Jardim Bancários,Barbearia 7deoutubro,,,
+55 43 3324-6226,Londrina,Jardim Bancários,Barbearia Don Sebastião,,,
+55 43 98805-1559,Londrina,Jardim Bancários,Françoa Barbearia,https://instagram.com/francoabarbearia,,
+55 43 3338-0627,Londrina,Bandeirantes,BARBEARIA GOBATO,,,
+55 43 99845-0017,Londrina,Bandeirantes,BARBEARIA DOM PEDRO ||,,,
+55 43 3348-2042,Londrina,Bandeirantes,Jessé & Carlos Barbearia,https://bit.ly/WhatsAppJesseCarlos,,
+55 43 98439-3969,Londrina,Bandeirantes,Stilus Barbearia,,,
undefined,Londrina,Bandeirantes,Fabiano e Filhos Barbearia,,,
+55 43 99136-8446,Londrina,Bandeirantes,L2 Barbearia unidade Bandeirantes,https://wa.me/5543991368446?text=ol%C3%A1%20quero%20fazer%20um%20agendamento,,
+55 43 98443-1049,Londrina,Bandeirantes,Barbearia Sibim,,,
+55 43 98432-8997,Londrina,Bandeirantes,Barbearia Ricko,https://www.instagram.com/ricko.barbearia,,
+55 43 98429-8317,Londrina,Bandeirantes,Marcelino's barber,,,
+55 43 98405-1549,Londrina,Bandeirantes,Doutor Barbaa Barbearia,,,
+55 48 99166-9310,Londrina,Bandeirantes,THE CUT HOMMAO'S - BARBEARIA,,,
+55 43 98403-7286,Londrina,Bandeirantes,barbearia e Cabeleireiros WR,https://instagram.com/wr_cabeleireiros_?igshid=MzRlODBiNWFlZA==,,
+55 43 99995-6375,Londrina,Bandeirantes,Don clebinho barbearia,,,
+55 43 3028-6294,Londrina,Bandeirantes,Gearhead barbershop,https://www.instagram.com/gearhead.barbershop/,,
+55 43 99834-5521,Londrina,Bandeirantes,ROCHA BARBEARIA,,,
+55 48 3365-2897,Florianópolis,Centro,Barbearia VIP - Centro,http://wa.me/554833652897,,
+55 48 3204-9146,Florianópolis,Centro,Barbearia Alves de Brito - Florianópolis - centro,,,
+55 48 99933-6001,Florianópolis,Centro,RMbarbearia,,,
+55 48 99622-9116,Florianópolis,Centro,Barbearia Executive Floripa,,,
+55 48 3304-2565,Florianópolis,Centro,Barbearia Major Costa,,,
undefined,Florianópolis,Centro,Barbearia centro floripa,,,
+55 48 99615-5745,Florianópolis,Centro,Vinte Cinco Barber Shop,https://www.facebook.com/25barbershop?mibextid=LQQJ4d,,
+55 48 99967-7721,Florianópolis,Centro,Barbearia Rudnei Vargas,,,
+55 48 98425-1499,Florianópolis,Centro,Barbearia Guimarães,http://facebook.com/barbeariaguimaraesoficial,,
+55 48 99946-1922,Florianópolis,Lagoa da Conceição,Barbeiro Luckas Kaihã,,,
+55 48 99671-5906,Florianópolis,Lagoa da Conceição,Barbearia Th Cortes,https://instagram.com/barbeariathcortes?utm_medium=copy_link,,
+55 48 99154-1826,Florianópolis,Lagoa da Conceição,Barbearia Sparthacuss,,,
undefined,Florianópolis,Lagoa da Conceição,Cauê Barber,,,
+55 48 3232-1001,Florianópolis,Lagoa da Conceição,Barbearia Lagoa da Conceição,,,
+55 48 99939-3669,Florianópolis,Lagoa da Conceição,Barbearia Keller,,,
+55 48 99995-1639,Florianópolis,Lagoa da Conceição,Nostra Familia Barbearia,,,
+55 48 99961-7172,Florianópolis,Lagoa da Conceição,Glênio Cabeleireiros,,,
+55 48 99150-0387,Florianópolis,Lagoa da Conceição,Escultores,,,
+55 48 99858-2647,Florianópolis,Lagoa da Conceição,Barbearia Rudi barber,,,
+55 48 99604-5702,Florianópolis,Lagoa da Conceição,Nova Barbearia,,,
+55 48 98456-8286,Florianópolis,Campeche,Barbearia R10 - Campeche/SC,,,
+55 48 99127-6674,Florianópolis,Campeche,CAMPECHE BARBERSHOP,,,
+55 48 3028-4980,Florianópolis,Campeche,Barão da Navalha - Campeche,https://www.instagram.com/baraodanavalha.campeche?igsh=dHNwbzkzZGhlNnU0,,
+55 48 98869-2286,Florianópolis,Campeche,Evolution Barbearia Campeche,https://instagram.com/evolutionbarbearia_?igshid=ZmRlMzRkMDU=,,
+55 48 99191-1937,Florianópolis,Campeche,Barbearia | Modellare Barbershop | Campeche,https://www.instagram.com/modellarebarbershop/,,
+55 48 99135-3680,Florianópolis,Campeche,Caveira’s Barbearia,https://instagram.com/caveirasbarbeariaoficial?utm_source=ig_profile_share&igshid=16fgp7r5xk6yo,,
+55 48 98463-2242,Florianópolis,Campeche,Barbearia Stylo,,,
+55 48 99659-8300,Florianópolis,Campeche,Barbearia Sul Vaper,,,
+55 48 98866-3111,Florianópolis,Campeche,Estúdio Gramal Barbearia,,,
+55 48 98869-2286,Florianópolis,Campeche,Evolution Barbearia Rio Tavares,https://instagram.com/evolutionbarbearia_?igshid=ZmRlMzRkMDU=,,
+55 48 99148-5983,Florianópolis,Campeche,Barbearia bibi,,,
+55 48 98489-3242,Florianópolis,Campeche,Barbearia Juninho Barber Sul,,,
+55 48 98500-5435,Florianópolis,Campeche,DUDU’S STUDIO DE BELEZA,,,
+55 48 99206-5052,Florianópolis,Campeche,Left Barbearia,https://www.instagram.com/left_barbearia/,,
+55 48 98812-8622,Florianópolis,Campeche,Barbearia HBS,https://www.instagram.com/barbeariahbs?igsh=aXJldGs1ZHJueHg5&utm_source=qr,,
+55 48 99121-7466,Florianópolis,Campeche,Barbearia Felippe Caetano,,,
+55 48 99600-1292,Florianópolis,Jurerê Internacional,Barbearia Pai e Filho - Jurerê Internacional,https://www.instagram.com/barbeariafilhoepai/,,
+55 48 98868-8649,Florianópolis,Jurerê Internacional,Malbec Barbearia Jurerê Internacional,,,
+55 48 3307-4599,Florianópolis,Jurerê Internacional,Barbearia Seu João Jurerê Visagismo Masculino,https://www.instagram.com/barbeariaseujoaojurere/,,
+55 48 99160-6224,Florianópolis,Jurerê Internacional,Barbearia LD,,,
+55 48 99147-7820,Florianópolis,Jurerê Internacional,Barbearia Central,,,
+55 48 99246-7002,Florianópolis,Jurerê Internacional,Hawk Barber Studio,,,
+55 48 99661-3693,Florianópolis,Jurerê Internacional,Barbearia Zebra’s,,,
+55 48 99986-3180,Florianópolis,Ingleses do Rio Vermelho,Barbearia Capitão Navalha | Referência nos Ingleses,https://instagram.com/barbeariacapitaonavalha?igshid=NTlmMWMyMzg=,,
+55 48 3030-4532,Florianópolis,Ingleses do Rio Vermelho,Bravo Barbearia,https://www.instagram.com/bravobarbearia/,,
+55 48 99816-9988,Florianópolis,Ingleses do Rio Vermelho,Stilo Barbearia,,,
+55 48 99840-0476,Florianópolis,Ingleses do Rio Vermelho,Armazem da Barba,,,
+55 48 99195-9512,Florianópolis,Ingleses do Rio Vermelho,Keef barbearia (keefbarbershop),,,
+55 48 98876-8874,Florianópolis,Ingleses do Rio Vermelho,️ Na Brasa Barbearia Shop,,,
+55 48 98832-9971,Florianópolis,Ingleses do Rio Vermelho,Wiu barbearia,,,
+55 48 3307-8184,Florianópolis,Ingleses do Rio Vermelho,Barbearia Vegas Barber Club,,,
undefined,Florianópolis,Ingleses do Rio Vermelho,Barbearia Luquinha,,,
+55 48 99954-0682,Florianópolis,Ingleses do Rio Vermelho,Barbearia Joso,,,
+55 48 99634-7168,Florianópolis,Ingleses do Rio Vermelho,Barbearia Catarinense,https://www.instagram.com/barbearia_catarinense/,,
+55 48 99203-1594,Florianópolis,Ingleses do Rio Vermelho,Barbearia BarberSurf Tattoo,,,
+55 48 98870-8072,Florianópolis,Ingleses do Rio Vermelho,Satribal Barbearia,,,
+55 51 99623-7805,Florianópolis,Ingleses do Rio Vermelho,Dudu Barbearia,,,
+55 62 3100-6133,Goiânia,Setor Bueno,Barbearia Vargas - Bueno,https://www.instagram.com/barbeariavargasofficial/,,
+55 62 98120-2126,Goiânia,Setor Bueno,Bourbon Barbearia & Salon,,,
+55 12 99658-6907,Goiânia,Setor Bueno,BARBEARIA DO MEU AMIGO - Bueno,,,
+55 62 99231-8060,Goiânia,Setor Bueno,Barbearia DOMUS,https://www.instagram.com/sigadomusbarbearia,,
+55 62 4102-4694,Goiânia,Setor Bueno,235 Barbearia,https://www.instagram.com/235.barbearia/,,
+55 62 98132-1552,Goiânia,Setor Bueno,Bazatto Barbershop - Unidade Setor Bueno [Barbearia],http://api.whatsapp.com/send?phone=5562981321552,,
+55 62 99459-6666,Goiânia,Setor Bueno,SEGNO BARBEARIA E CLÍNICA,,,
undefined,Goiânia,Setor Bueno,Barbearia Monarka,,,
+55 62 98267-2526,Goiânia,Setor Bueno,Jhoy Barber,https://instagram.com/jhoy_barber?utm_medium=copy_link,,
+55 62 99317-8477,Goiânia,Setor Bueno,Seu Carlos Barbearia,,,
+55 62 98166-8464,Goiânia,Setor Bueno,Barbearia Lavor,https://www.instagram.com/barbearia_lavor?igsh=aG5keGh1bTV5Mmtn,,
+55 62 98179-8164,Goiânia,Setor Bueno,Barbearia Izaías Santos Setor Bueno,,,
+55 62 99815-7639,Goiânia,Setor Bueno,Athos Barbearia - Unidade 1,https://www.instagram.com/athosbarbearia/,,
+55 62 98293-4041,Goiânia,Setor Bueno,Barbearia Nocaute,,,
+55 62 99174-2773,Goiânia,Setor Bueno,Barbearia Macaco Veio,,,
undefined,Goiânia,Setor Bueno,Seu Barbeiro,,,
+55 62 98326-5565,Goiânia,Setor Bueno,Barbearia Studio T-13,,,
+55 62 3609-7354,Goiânia,Jardim América,Los Hermanos Barbearia,https://instagram.com/loshermanos__barbearia?igshid=YmMyMTA2M2Y=,,
+55 62 3622-6282,Goiânia,Jardim América,Barbearia hora,https://api.whatsapp.com/send?phone=556236226282,,
undefined,Goiânia,Jardim América,Cleusmar Barbearia,,,
+55 62 98197-5560,Goiânia,Jardim América,Barbearia Dom Samurai,http://instagram.com/barbeariadomsamurai,,
+55 62 98644-6184,Goiânia,Jardim América,Barbearia Machado,,,
+55 62 99806-7721,Goiânia,Jardim América,Lottus Barbearia Clube,,,
+55 62 98253-3923,Goiânia,Jardim América,London Barber Club - Barbearia | Jardim América,,,
+55 62 99198-9970,Goiânia,Jardim América,Barbearia Shallom,https://bit.ly/AgendaBarbeariashallom,,
+55 62 4102-4694,Goiânia,Jardim América,235 Barbearia,https://www.instagram.com/235.barbearia/,,
+55 62 98219-5660,Goiânia,Jardim América,Street Way Barbearia,https://www.instagram.com/streetwaybarber,,
+55 62 99634-3710,Goiânia,Jardim América,Benícios Barbearia,,,
undefined,Goiânia,Jardim América,Pacheco Barbearia,,,
+55 62 99245-5683,Goiânia,Jardim América,Visual Cabeleireiros e Barbearia | Jardim América - Goiânia GO,,,
+55 62 98147-0813,Goiânia,Jardim América,Salão Master - Barbearia,https://wa.me/5562981470813?text=Ol%C3%A1+%21+eu+vim+do+Google+Maps,,
+55 62 3215-0751,Goiânia,Setor Oeste,Barbearia Tamandaré | @barbeariatamandare,https://instagram.com/barbeariatamandare?igshid=YzgyMTM2MGM=,,
+55 62 99350-9904,Goiânia,Setor Oeste,New Star Barbearia,,,
+55 62 99201-4477,Goiânia,Setor Oeste,Barbearia king GO,https://instagram.com/barbeariaking_go?igshid=YmMyMTA2M2Y=,,
+55 62 99350-9904,Goiânia,Setor Oeste,Macho Alpha Barbearia Unidade Tamandaré,,,
+55 62 99314-9155,Goiânia,Setor Oeste,Barbearia Colombo,,,
+55 62 99473-2777,Goiânia,Setor Oeste,Hugo Barbearia,,,
+55 62 98256-6426,Goiânia,Setor Oeste,Barbearia do Bira,,,
+55 62 99404-0294,Goiânia,Setor Oeste,Barbearia Studio Hugo Victor,,,
+55 62 98400-7787,Goiânia,Setor Marista,Joe's Barbearia,https://www.instagram.com/joesbarbearia/,,
+55 62 3251-9151,Goiânia,Setor Marista,"Barbearia MadeMan - Barbeiro, Barbearia, Corte Masculino, Barbaterapia, Barbearia Goiania",https://instagram.com/barbeariamademan,,
+55 62 99981-7445,Goiânia,Setor Marista,For Men Su Beauty Barbearia - Marista,"https://api.whatsapp.com/send?phone=5562999817445&text=Ol%C3%A1,%20eu%20gostaria%20de%20agendar%20uma%20visita!&fbclid=PAAabXJR_vSr3kUMG0EawcUMGOaJHk6zKw002UMCBRebuwFekskV12_zvwNDg_aem_AUSCxLpofCs6JcGoqvd6Xek7B4P0ChZsGAKAQQP4Uj7khJRtKFtWAQAqOJ1Yp5b-f0s",,
+55 62 99660-0168,Goiânia,Setor Marista,Elemental Barbearia,https://www.instagram.com/elementalbarbearia/,,
+55 62 98524-8585,Goiânia,Setor Marista,Barbearia Barbaridade Premium,https://instagram.com/barbaridade.premium?igshid=ZDdkNTZiNTM=,,
+55 62 98270-5130,Goiânia,Setor Marista,BARBEARIA IVAN,,,
+55 62 99313-7026,Goiânia,Setor Marista,Pedro Cabral Barbeiro,,,
+55 62 3215-0751,Goiânia,Setor Marista,Barbearia Tamandaré | @barbeariatamandare,https://instagram.com/barbeariatamandare?igshid=YzgyMTM2MGM=,,
+55 62 99161-1414,Goiânia,Centro,Barbearia Seu Pedro,http://www.instagram.com/seupedrobarbeariagyn,,
+55 62 99396-5278,Goiânia,Centro,"Xavier Barbearia - Barbearia, Barbearia em Goiânia, Barbearia no Centro, Barbershop, Manicure, Unha em Gel",https://www.instagram.com/xavierbarbeariadpx,,
+55 62 99918-8683,Goiânia,Centro,Barbearia Lounge - Barbearia Goiânia,http://www.instagram.com/lounge.barbearia.oficial,,
+55 62 3211-7187,Goiânia,Centro,Barbearia Vargas - Marechal Rondon,,,
+55 62 99806-7721,Goiânia,Centro,Lottus Barbearia Clube,,,
+55 51 98212-4737,Porto Alegre,Centro Histórico,Salazar Barber Shop,https://www.facebook.com/salazarbarbershoprs/,,
+55 51 3212-6014,Porto Alegre,Centro Histórico,Soares Barbershop,,,
+55 51 99872-7851,Porto Alegre,Centro Histórico,Barbearia Strong,,,
+55 51 99936-7235,Porto Alegre,Centro Histórico,Barbershopcapitolio,https://www.instagram.com/p/ChkOSWduxC3/?igshid=YmMyMTA2M2Y=,,
+55 51 98540-7760,Porto Alegre,Centro Histórico,Barbearia do Kunha,,,
+55 51 99130-0027,Porto Alegre,Centro Histórico,Barbeiros D' Respeito,,,
+55 51 99516-7067,Porto Alegre,Centro Histórico,Tio San Barbeiro,,,
+55 51 99019-9187,Porto Alegre,Centro Histórico,Premier Barber Club,https://www.instagram.com/premierbarberclub?igsh=c2toYnRkeWNqZGtx,,
+55 51 98455-4046,Porto Alegre,Centro Histórico,Barbearia Souza,,,
+55 51 98517-1688,Porto Alegre,Centro Histórico,Machado'S barbearia,https://instagram.com/machados.barber?igshid=NGVhN2U2NjQ0Yg==,,
+55 51 3273-3251,Porto Alegre,Centro Histórico,Cabelo Curto - Centro Histórico,,,
+55 51 3224-9938,Porto Alegre,Centro Histórico,Salão Fígaro,,,
+55 51 99431-4671,Porto Alegre,Moinhos de Vento,Barbers Barbearia,,,
+55 51 99583-7323,Porto Alegre,Moinhos de Vento,Bruno Mattos Barbeiro,http://www.facebook.com/BrunoMattosBarbeiro,,
+55 51 99952-2521,Porto Alegre,Moinhos de Vento,Moinhos barber,,,
+55 51 98544-2873,Porto Alegre,Moinhos de Vento,Barbearia Corrêa,https://www.facebook.com/671barbeiro/,,
+55 51 98180-3936,Porto Alegre,Moinhos de Vento,Keylor Vasques,,,
+55 51 98298-8712,Porto Alegre,Moinhos de Vento,4 DISTRITO BARBERCLUB,https://instagram.com/4distritobarberclub,,
+55 51 99912-7787,Porto Alegre,Moinhos de Vento,Studio John Barbearia,https://www.instagram.com/studiojohn_floresta?igsh=azVoenp0cTY0NjV5,,
+55 51 3237-0077,Porto Alegre,Bela Vista,The Bronx - Barbearia Porto Alegre,https://www.instagram.com/thebronxbarbershop545?igsh=cGtydmwzdXh0YWRn,,
+55 51 3334-5091,Porto Alegre,Bela Vista,Barbearia Monte Carlo,,,
+55 51 99485-4001,Porto Alegre,Bela Vista,Ibiza Barber Shop,https://www.instagram.com/ibizabarbershop_?igsh=MW81MWQ2a2t4NW1uZQ==,,
+55 51 99703-0569,Porto Alegre,Bela Vista,Pompilio Barbearia,,,
+55 51 3336-7768,Porto Alegre,Bela Vista,POA Barber Shop,,,
+55 51 99999-8803,Porto Alegre,Bela Vista,Barbearia O Seu Barbeiro,https://wa.me/message/HJXSZVCPF77OP1,,
+55 51 4066-3949,Porto Alegre,Petrópolis,Shaver Society Barber Shop,https://www.facebook.com/Shaver-society-105637483302157/,,
+55 51 99328-6002,Porto Alegre,Petrópolis,Sarart Barbearia Petrópolis,https://www.instagram.com/barbeariasarart?igsh=cjk5Y3o4OWdsbjIz,,
+55 51 98105-8898,Porto Alegre,Petrópolis,Nona Arte Barber Shop,,,
+55 51 3334-5091,Porto Alegre,Petrópolis,Barbearia Monte Carlo,,,
+55 51 99776-3205,Porto Alegre,Petrópolis,O Barber | Barbearia Protásio,https://wa.me/message/2OHNQ5HDM5JUJ1,,
+55 51 98436-2187,Porto Alegre,Petrópolis,Cioccari Barbearia,https://www.facebook.com/cioccaribarbearia/,,
+55 51 98609-2604,Porto Alegre,Petrópolis,Conceito A Barber House,,,
+55 51 99485-4001,Porto Alegre,Petrópolis,Ibiza Barber Shop,https://www.instagram.com/ibizabarbershop_?igsh=MW81MWQ2a2t4NW1uZQ==,,
+55 51 98016-8927,Porto Alegre,Petrópolis,Catena BARBERSHOP,,,
undefined,Porto Alegre,Petrópolis,Barbearia Sports Barber,,,
+55 51 98043-2981,Porto Alegre,Rio Branco,Barbearia Goethe - El Cartel Fernandes | Unidade Goethe - Porto Alegre,https://www.instagram.com/elcartelfernandes?igsh=OWNnOTN4MXpydGE0,,
+55 51 99787-5518,Porto Alegre,Rio Branco,Bacchica Barbearia,,,
+55 51 98580-2149,Porto Alegre,Rio Branco,LOGRADOURO BARBERSHOP,,,
+55 51 99703-0569,Porto Alegre,Rio Branco,Pompilio Barbearia,,,
+55 51 3332-8873,Porto Alegre,Rio Branco,Salão Silva,,,
+55 47 99641-5631,blumenau,Centro,Barbearia da XV,https://instagram.com/barbeariadaxvbnu?igshid=MzRlODBiNWFlZA==,,
+55 47 3035-5093,blumenau,Centro,VIP,,,
+55 47 3042-1717,blumenau,Centro,Lombardis,,,
+55 47 99178-9057,blumenau,Centro,Freak,,,
+55 47 98403-7207,blumenau,Centro,Tião o Barbeiro,,,
+55 47 99665-4199,blumenau,Centro,Barbearia Real,http://www.instagram.com/realbarbeariareal,,
+55 47 99652-3503,blumenau,Centro,Sr. N Barbearia,,,
+55 47 98459-3805,blumenau,Centro,Juan Cabelo e Barba,,,
+55 47 3041-7207,blumenau,Centro,OFF,,,
+55 47 99230-1278,blumenau,Centro,Sr Gregory Barber,,,
+55 47 99914-3715,blumenau,Velha,Petters Barbearia,,,
+55 47 3037-3012,blumenau,Velha,Silva,,,
+55 47 99128-1867,blumenau,Velha,Bravo's,https://instagram.com/bravosbarbearia.bnu?igshid=N2ZiY2E3YmU=,,
+55 47 99207-6011,blumenau,Velha,Rota 302 Barbearia,https://www.instagram.com/rota_302_barbearia/profilecard/?igsh=YzNwY2ZnaHN3Z3Nj,,
+55 47 98468-1107,blumenau,Velha,Theós Barbearia e visagismo,https://www.instagram.com/barbeariatheos_?igsh=MTh4eHFmYjR4ZDVlcw==&utm_source=qr,,
undefined,blumenau,Velha,Barbearia Guimarães,https://instagram.com/guimaraesbarber_shop?utm_medium=copy_link,,
+55 47 99727-8842,blumenau,Velha,Marinho Barbearia,,,
+55 47 99101-2274,blumenau,Velha,Barbearia Reino Alaretti,https://www.instagram.com/barbeariareinoalaretti/,,
+55 47 99230-1278,blumenau,Velha,Sr Gregory Barber,,,
+55 47 99129-7577,blumenau,Velha,Sharp's,,,
+55 47 99717-4036,blumenau,Velha,Top's Barbearia,https://www.instagram.com/topsbarbeariabnu?igsh=MTdnMnhmZGVybXF2Mw%3D%3D&utm_source=qr,,
+55 47 99757-0167,blumenau,Velha,Curt Barbearia,,,
+55 47 3325-2128,blumenau,Velha,Jean Esthetic Hair,,,
+55 47 99181-0037,blumenau,Escola Agrícola,Rudi,https://api.whatsapp.com/send?phone=5547991810037,,
+55 47 99221-3301,blumenau,Escola Agrícola,Cavalheiros Barbearia,https://instagram.com/cavalheirosbarbeariabnu?igshid=YmMyMTA2M2Y=,,
+55 47 98474-6111,blumenau,Escola Agrícola,Rausch,,,
+55 47 99227-1706,blumenau,Escola Agrícola,Barbearia Renova-se conveniência schmitt,https://www.instagram.com/davidbarbeariarenovase/,,
+55 47 99147-6556,blumenau,Escola Agrícola,Barbearia Mono Barber Shop,https://instagram.com/monobarbershopoficial?igshid=1gsxjbpfm0nh0,,
+55 47 98841-0889,blumenau,Escola Agrícola,Cabra Macho,,,
+55 47 3327-0950,blumenau,Escola Agrícola,Ney Prado Hair Stylist Salão de Beleza,https://www.facebook.com/pages/Ney-Prado-Hair-Stylists/1547592098855215,,
+55 47 99912-1020,blumenau,Escola Agrícola,El Chape Barbearia,https://www.instagram.com/barbeariaelchape/,,
undefined,blumenau,Escola Agrícola,PEDRO DANTAS BARBEARIA,,,
+55 47 98471-1414,blumenau,Escola Agrícola,Hans Club | Barbearia - Lavação - Estacionamento,,,
+55 47 99128-1867,blumenau,Escola Agrícola,Bravo's,https://instagram.com/bravosbarbearia.bnu?igshid=N2ZiY2E3YmU=,,
+55 47 3288-6000,blumenau,Garcia,Sr. N Barbearia,,,
+55 47 98436-1765,blumenau,Garcia,BARBEARIA 1850,,,
+55 47 98801-5340,blumenau,Garcia,Barbearia Parada Diaria,,,
+55 47 99970-3951,blumenau,Garcia,Barbearia Do Reino,https://instagram.com/barbeariadoreino?utm_medium=copy_link,,
+55 47 99723-5519,blumenau,Garcia,Roma Barbearia,,,
+55 47 98471-4618,blumenau,Garcia,Hippers cabeleireiros,,,
+55 47 99244-5744,blumenau,Garcia,BARBEARIA FORFEX VIP,https://www.facebook.com/barbeariaforfexvip,,
+55 47 98403-7207,blumenau,Garcia,Tião o Barbeiro,,,
+55 47 3041-7207,blumenau,Garcia,OFF,,,
+55 47 99238-3739,blumenau,Garcia,Barbearia do Freire,,,
+55 47 99997-2317,blumenau,Garcia,Sr. N Fonte,,,
+55 47 99151-2973,blumenau,Garcia,Barbearia Machado,,,
+55 47 99641-5631,blumenau,Garcia,Barbearia da XV,https://instagram.com/barbeariadaxvbnu?igshid=MzRlODBiNWFlZA==,,
undefined,blumenau,Garcia,Love Cortes,,,
+55 47 99932-1645,blumenau,Progresso,Vibe Barbearia,,,
+55 47 99624-1337,blumenau,Progresso,Barbearia Cardia,,,
+55 47 99108-3727,blumenau,Progresso,Lennon barbearia,,,
+55 47 98825-4989,blumenau,Progresso,Barbearia Rui Barbosa,https://instagram.com/barbeariaruibarbosa,,
+55 47 98866-2696,blumenau,Progresso,Vlad’s Barber Shop,,,
+55 47 98462-7509,blumenau,Progresso,Barbearia macedo,,,
+55 47 99208-2676,blumenau,Progresso,Nascente Barbearia,,,
+55 47 99187-6977,blumenau,Progresso,Barbearia Los Compadres,,,
+55 47 99705-1774,blumenau,Progresso,Barbearia Santos,,,
undefined,blumenau,Progresso,Taberna do vinno barbearia,,,
+55 47 99756-9408,blumenau,Progresso,Serginho Barbearia,,,
+55 47 3288-6000,blumenau,Progresso,Sr. N Barbearia,,,
+55 47 3329-4133,blumenau,Progresso,Olávio Cabelereiros e Barberaria,,,
undefined,blumenau,Progresso,Mayckon,,,
undefined,blumenau,Progresso,Barbearia Pimentel,,,
+55 47 99244-5744,blumenau,Progresso,BARBEARIA FORFEX VIP,https://www.facebook.com/barbeariaforfexvip,,
+55 15 99825-1677,Sorocaba,Centro,Dom Camparini Barbearia,,,
+55 15 98830-2448,Sorocaba,Centro,Trezentos Barber Shop - Pátio Cianê Shopping Sorocaba,,,
+55 15 99161-4114,Sorocaba,Centro,Barbearia Brasil,,,
+55 15 99118-2823,Sorocaba,Centro,Barbearia Central,,,
+55 15 99136-9495,Sorocaba,Centro,Barbearia Monte — Atendimento e Autocuidado,,,
+55 15 99794-9356,Sorocaba,Centro,Barbearia Lincoln Barber Shop,https://www.instagram.com/lincoln.barber.shop?igsh=ODB0djFkenpkNGZu,,
+55 15 99779-1351,Sorocaba,Centro,Salão JD Barbearia,,,
+55 15 3442-6298,Sorocaba,Centro,Barbeiro e Cia,,,
+55 15 98178-0072,Sorocaba,Campolim,Duetto Barbearia,,,
+55 15 3231-9322,Sorocaba,Campolim,Atelier Cabeleireiros,,,
+55 15 99656-9736,Sorocaba,Campolim,O Pedro Barbeiro,https://www.instagram.com/invites/contact/?i=14nhhuvsdcp21&utm_content=4818zbh,,
+55 15 97403-6553,Sorocaba,Campolim,Scarel Tattoo e Barbearia (Andrad`s Barber House),https://instagram.com/_s_c_a_r_e_l_?igsh=MWV1cGFIbnVxdzU2aA,,
+55 15 99608-8980,Sorocaba,Vila Hortência,The Old School Barber Shop,,,
+55 15 99192-9970,Sorocaba,Vila Hortência,Barbearia Nogueira,,,
+55 15 99827-5152,Sorocaba,Vila Hortência,Caravan Barbearia,,,
+55 15 99662-2643,Sorocaba,Vila Hortência,Garagem barber shop,,,
+55 15 99854-5763,Sorocaba,Vila Hortência,Barbearia Gustavo Pontes,,,
+55 15 99711-0416,Sorocaba,Vila Hortência,Lima Cortes,,,
+55 15 99185-5536,Sorocaba,Vila Hortência,Barbearia Comunidade Afro,,,
+55 15 3211-0781,Sorocaba,Vila Hortência,Salão Fluminense,,,
+55 15 99841-8325,Sorocaba,Vila Hortência,Barbeariasrgonçalves,,,
+55 15 99861-7949,Sorocaba,Vila Hortência,Barbearia Sr Wilson,,,
undefined,Sorocaba,Vila Hortência,Barber Vinih,,,
+55 15 99805-6823,Sorocaba,Vila Hortência,Barbearia BELO CORTE,,,
+55 15 98169-1006,Sorocaba,Vila Hortência,O Nerd Barbeiro,,,
+55 15 99194-6632,Sorocaba,Vila Hortência,Barbearia Brienze,,,
+55 15 99691-7679,Sorocaba,Vila Hortência,Digão Art's Barbearia,,,
undefined,Sorocaba,Vila Hortência,Jj Art;s Barbearia,,,
+55 15 99856-7040,Sorocaba,Vila Hortência,Madan & Cia,https://www.facebook.com/salaomadan/,,
+55 11 99871-1919,Sorocaba,Jardim Santa Rosália,Barbearia Don Betones - SANTA ROSALIA,,,
+55 15 99123-8383,Sorocaba,Jardim Santa Rosália,Seven Barbearia & Tattoo,https://www.instagram.com/sevenbarbertattoo,,
+55 15 99167-0679,Sorocaba,Jardim Santa Rosália,Barbearia Elizeu Souza,,,
+55 15 98189-2575,Sorocaba,Jardim Santa Rosália,Barbearia do Chico,,,
+55 15 99201-4598,Sorocaba,Jardim Santa Rosália,Barbearia Villas Boas,https://instagram.com/barbeariabroidao?utm_medium=copy_link,,
+55 15 99701-4986,Sorocaba,Jardim Santa Rosália,Begod Barber Shop,https://www.facebook.com/BegodBarbershop,,
undefined,Sorocaba,Jardim Santa Rosália,Bronco Barbearia,,,
+55 15 99637-6794,Sorocaba,Jardim Santa Rosália,Laro barbershop,,,
+55 15 98826-5164,Sorocaba,Jardim Santa Rosália,Barbearia Gustavo Zanette,,,
+55 15 99141-1537,Sorocaba,Jardim Santa Rosália,Barbearia Lisboa | Unidade Avenida São Paulo,https://www.instagram.com/barbearialisboa.br/,,
+55 15 99606-1100,Sorocaba,Jardim Santa Rosália,Garmon Barbearia,,,
+55 15 98830-2448,Sorocaba,Jardim Santa Rosália,Trezentos Barber Shop - Pátio Cianê Shopping Sorocaba,,,
+55 15 99128-8398,Sorocaba,Jardim Santa Rosália,BARBIERI SALVATORE,https://www.instagram.com/_barbierisalvatore?igsh=d3A2OGdscmxuNGRo,,
+55 15 99189-0816,Sorocaba,Éden,Barbearia Dom Fernandes,https://bit.ly/igdomfernandes,,
+55 15 98115-2362,Sorocaba,Éden,Barbearia Sérgio Art's Éden,,,
+55 15 99684-9802,Sorocaba,Éden,Barbearia Tradicional Eden Jd harmonia,http://instagram.com/barbeariatradicionaleden,,
+55 15 98121-5238,Sorocaba,Éden,Studio Leal Barbeiro,,,
+55 15 98142-6708,Sorocaba,Éden,Biel barbershop,,,
+55 15 99634-6114,Sorocaba,Éden,Studio k.l barbearia,,,
+55 15 98113-0920,Sorocaba,Éden,Barbearia Douglas Barber,https://wa.me/5515981130920,,
+55 15 98187-5332,Sorocaba,Éden,Vieira Hair Salão de Beleza - Cabelereiro no Éden,,,
+55 15 97603-9847,Sorocaba,Éden,G3club Barbearia,,,
+55 15 99654-5140,Sorocaba,Éden,Ed’s Barbearia,https://www.instagram.com/edsbarbeariaoficial?igsh=MXU1em5raWFsYWMyMg==,,
+55 15 99117-9654,Sorocaba,Éden,Fígaro Barber Shop,,,
+55 15 3225-4032,Sorocaba,Éden,Fran/ Marcos & Equipe,https://www.instagram.com/franmarcosequipe/,,
+55 15 99113-2779,Sorocaba,Éden,Barbearia Gota Cortes,,,
+55 15 99687-5752,Sorocaba,Éden,Machado Barber,,,
+55 15 98169-2067,Sorocaba,Éden,Barbeiro Cabeleleiro Edson éden,,,
+55 34 99261-3107,Uberlândia,Centro,Barbearia Central,,,
undefined,Uberlândia,Centro,Fabulosa Barbearia,,,
+55 34 98833-1431,Uberlândia,Centro,Barbearia Central,,,
+55 34 99224-9351,Uberlândia,Centro,Chicano Barbershop,http://instagram.com/chic4nobarbershop,,
+55 34 98404-2761,Uberlândia,Centro,Barbearia Borges Araujo,,,
+55 34 99840-3330,Uberlândia,Centro,Kelvim Hairs Barbearia,,,
+55 34 99779-3589,Uberlândia,Centro,Barbearia Beroso Centro,,,
+55 34 3235-5121,Uberlândia,Centro,Black e White Barbearia,,,
+55 34 99920-2109,Uberlândia,Centro,Casa Saramago - Barbearia e Studio,,,
+55 34 99920-2811,Uberlândia,Centro,barbearia Freire,,,
+55 34 99968-8989,Uberlândia,Centro,Klassic Barbearia,,,
+55 34 99250-7682,Uberlândia,Centro,Fran Padilha | Barbeira,https://www.instagram.com/fran.pad/,,
+55 34 99790-0845,Uberlândia,Santa Mônica,Lucas Barbearia Unidade Santa Mônica,,,
+55 34 3227-4308,Uberlândia,Santa Mônica,Andrade Barbearia - Santa Mônica,https://www.facebook.com/andradesantamonica/,,
+55 34 3306-9225,Uberlândia,Santa Mônica,Barbearia Salone - Santa Mônica,https://instagram.com/barbeariasalone?utm_medium=copy_link,,
+55 34 99164-6422,Uberlândia,Santa Mônica,RC Barbearia,https://www.facebook.com/RC-Barbearia-146709035757385/,,
+55 34 99948-6799,Uberlândia,Santa Mônica,Barbearia Don Francisco,https://wa.me/5534999486799?text=Ol%C3%A1%2C+gostaria+de+marcar+um+hor%C3%A1rio,,
+55 34 99948-0199,Uberlândia,Santa Mônica,Barbearia JK Santa Mônica,https://wa.me/5534999480199,,
+55 34 99229-4318,Uberlândia,Santa Mônica,Barbearia Alpha Men,https://www.instagram.com/alphamen_barbearia/,,
+55 34 3226-9246,Uberlândia,Santa Mônica,Barbearia JF,,,
+55 34 3238-1200,Uberlândia,Santa Mônica,Barbearia Junior,https://www.facebook.com/barbeariajunior.com.br/,,
+55 34 99222-7208,Uberlândia,Santa Mônica,New Look Barbearia,http://www.facebook.com/newlookbarberclubudi,,
+55 34 3484-2225,Uberlândia,Santa Mônica,Conceito Barbearia,https://instagram.com/conceitobarbearia_?igshid=NDBlY2NjN2I=,,
undefined,Uberlândia,Santa Mônica,Valci Barbearia,,,
+55 34 98853-9389,Uberlândia,Martins,D'niel Barbearia,https://www.instagram.com/dnielbarbearia/,,
+55 34 99682-5267,Uberlândia,Martins,Baroni Barbearia,http://instagram.com/baroni.barbearia,,
+55 34 3214-6311,Uberlândia,Martins,Eirinaldo Ribeiro Barbearia,,,
+55 34 99992-4232,Uberlândia,Martins,Barbearia via corte,https://m.facebook.com/profile.php?id=100085665199132&name=xhp_nt__fb__action__open_user,,
+55 34 99116-7152,Uberlândia,Martins,Sandro Barber Shop,https://www.instagram.com/sandro_barbearia/?hl=pt-br,,
+55 34 99107-5898,Uberlândia,Martins,Barbearia Mister Souza,,,
undefined,Uberlândia,Martins,Barbearia Victor Hugo,,,
+55 34 99109-3375,Uberlândia,Martins,Brooklyn Barbearia Barbershop,,,
+55 34 99893-0800,Uberlândia,Martins,034 Barbearia,,,
+55 34 99659-8471,Uberlândia,Martins,Barbearia | Giovane's Cabeleireiros Unissex | Martins,,,
+55 34 99823-9914,Uberlândia,Martins,Barbearia Underground,,,
+55 34 3215-0719,Uberlândia,Martins,Barbearia D' Rafa Barber Shop,,,
+55 34 99776-4538,Uberlândia,Martins,NR Barbearia,,,
+55 34 99178-7859,Uberlândia,Martins,Barbearia Victor Hugo,,,
+55 34 99908-8181,Uberlândia,Martins,DF Barbearia,"https://api.whatsapp.com/send?phone=5534999088181&text=Ol%C3%A1,%20gostaria%20de%20agendar%20um%20hor%C3%A1rio",,
+55 34 99104-6958,Uberlândia,Martins,Mota Barbearia,,,
+55 34 99677-9852,Uberlândia,Martins,Jales BARBEARIA,,,
+55 34 99668-4845,Uberlândia,Tibery,Club Men Barbearia,,,
+55 34 99632-0534,Uberlândia,Tibery,Brito's Barbearia,https://www.instagram.com/matheuus_barberr?igsh=MXFrb2l0NGRoZmVtYQ%3D%3D&utm_source=qr,,
+55 34 99154-5886,Uberlândia,Tibery,Seleto Barbearia,"https://wa.me/5534991545886?text=Ol%C3%A1,+vim+pelo+Google!",,
+55 34 99276-8382,Uberlândia,Tibery,Jean Pires Barbearia,,,
+55 34 3231-9000,Uberlândia,Tibery,Wissam Barber,https://www.instagram.com/wissambarber.udi/,,
+55 34 99124-3484,Uberlândia,Tibery,Antonio Barbearia,,,
+55 34 3227-5639,Uberlândia,Tibery,Junior Cabeleireiros,,,
+55 34 99139-4214,Uberlândia,Tibery,Gigante Barbershop,,,
+55 34 99794-3515,Uberlândia,Tibery,Partners Babershop,,,
+55 34 99911-5390,Uberlândia,Tibery,Wagner Barbearia,,,
+55 34 99266-4284,Uberlândia,Tibery,Barbearia Brutíssimo,,,
+55 34 99688-8630,Uberlândia,Tibery,Blener Barbearia,,,
+55 34 99904-4244,Uberlândia,Tibery,Benicio Ricelle Barbearia,,,
+55 34 99774-3552,Uberlândia,Tibery,Studio OZ,,,
+55 34 99655-6318,Uberlândia,Tibery,Charles Barbearia,,,
+55 34 99990-1412,Uberlândia,Segismundo Pereira,Barbearia Salge Club,http://instagram.com/barbeariasalgeclube,,
+55 34 3306-9225,Uberlândia,Segismundo Pereira,Barbearia Salone - Santa Mônica,https://instagram.com/barbeariasalone?utm_medium=copy_link,,
+55 34 99948-6799,Uberlândia,Segismundo Pereira,Barbearia Don Francisco,https://wa.me/5534999486799?text=Ol%C3%A1%2C+gostaria+de+marcar+um+hor%C3%A1rio,,
+55 34 99992-9455,Uberlândia,Segismundo Pereira,Clayton Barbearia,,,
+55 34 99181-2025,Uberlândia,Segismundo Pereira,Guilherme Oliveira barbeiro,,,
+55 34 3214-6147,Uberlândia,Segismundo Pereira,Universitário's Barbearia,https://www.instagram.com/universitarios_barbearia/,,
+55 34 99177-8862,Uberlândia,Segismundo Pereira,AJ Barber Club,https://wa.me/message/6UWLBD76EGJPG1,,
+55 34 99780-0035,Uberlândia,Segismundo Pereira,Barbearia Lourenço,,,
+55 34 99894-2737,Uberlândia,Segismundo Pereira,Motta barbershop,,,
+55 34 99660-6270,Uberlândia,Segismundo Pereira,Barbearia Izaias,,,
+55 34 99883-6447,Uberlândia,Segismundo Pereira,Classic Barber Club,https://instagram.com/classicbarberclub?igshid=ZDc4ODBmNjlmNQ==,,
+55 34 99103-5261,Uberlândia,Segismundo Pereira,Paris Barbearia,http://wa.me/5534991035261,,
+55 34 99790-9320,Uberlândia,Segismundo Pereira,D.Sousa Barbearia 💈,,,
+55 34 3227-4308,Uberlândia,Segismundo Pereira,Andrade Barbearia - Santa Mônica,https://www.facebook.com/andradesantamonica/,,
+55 61 99878-1714,Brasília,Asa Sul,Antonio Barbearia,,,
+55 61 98283-7596,Brasília,Asa Sul,Barbearia Barber Beer Brasília,,,
+55 61 3244-2619,Brasília,Asa Sul,Barbearia 209,https://instagram.com/barbeironapoleao?utm_medium=copy_link,,
undefined,Brasília,Asa Sul,Barbearia Torres 106,,,
+55 61 3244-5165,Brasília,Asa Sul,Barbearia 207 Sul,,,
+55 61 99110-8411,Brasília,Asa Sul,Barbearia 206,,,
+55 61 98210-1135,Brasília,Asa Sul,Geração Z Barbearia,http://instagram.com/barbeariagz,,
+55 61 99974-6529,Brasília,Asa Sul,Barbearia Savaya,https://www.instagram.com/barbeariasavaya?igsh=aDFuZjZkbGh1cjF4&utm_source=qr,,
+55 61 99178-7146,Brasília,Asa Sul,Jorge Müller Barbearia,https://www.instagram.com/jjorgemuller,,
+55 61 98209-3291,Brasília,Asa Norte,Barbearia O Legado,,,
+55 61 3347-7748,Brasília,Asa Norte,Barbearia Asa Norte,,,
+55 61 3202-5006,Brasília,Asa Norte,Fio Maravilha Barbearia,,,
+55 61 3328-7410,Brasília,Asa Norte,Barbearia Brasil Prime - Asa Norte,,,
+55 61 98191-7684,Brasília,Asa Norte,Barbearia do Chico | Barbearia na Asa Norte,https://api.whatsapp.com/send?phone=5561981917684&text=Ola%20vim%20do%20google%20e%20quero%20agendar%20um%20horario,,
+55 61 3541-1572,Brasília,Asa Norte,Barbearia Dom Marquês,,,
+55 61 98179-4066,Brasília,Asa Norte,Barbershop,,,
+55 61 3347-8114,Brasília,Asa Norte,Barbearia 105,,,
+55 61 3349-1009,Brasília,Asa Norte,Barbearia União,,,
+55 61 3541-2270,Brasília,Lago Sul,"Loyal Barbearia: Corte de Cabelo, Barba, Realinhamento Capilar, Lago Sul",https://www.instagram.com/loyalbarbeariaa/?hl=pt,,
+55 61 99659-9138,Brasília,Lago Sul,Barbearia Lago Sul,https://wa.me/5561996599138,,
+55 61 3248-6747,Brasília,Lago Sul,Garcia Barbearia,,,
+55 61 98500-5567,Brasília,Lago Sul,Studio Masculino Aline Vieira,,,
+55 61 99558-7087,Brasília,Lago Sul,Barbearia Artesanal- LAGO SUL,,,
+55 61 3248-5253,Brasília,Lago Sul,Salão Famiglia D'Mano,,,
+55 61 3248-2660,Brasília,Lago Sul,Cali Bar'bearia,https://instagram.com/calirepublicgaleria?igshid=YmMyMTA2M2Y=,,
+55 61 99375-6214,Brasília,Lago Sul,Barbearia - Lago Sul - Atendimento Domiciliar,https://www.instagram.com/weslleeybatista?igsh=MTBiZW1pYmxwaDgydw==&utm_source=qr,,
+55 61 99626-9048,Brasília,Lago Sul,Barbearia Renoir Homem,https://api.whatsapp.com/send?phone=5561996269048,,
+55 61 98116-9362,Brasília,Lago Norte,Diego Luiz Barber,https://www.instagram.com/diegoluizbarber?igsh=anlvNm12bWRra25t,,
+55 61 3468-1295,Brasília,Lago Norte,Barbearia Dr. Cabelo,,,
+55 61 99130-1525,Brasília,Lago Norte,Barber Baruck,https://www.instagram.com/barber_baruck/,,
+55 61 3526-0873,Brasília,Lago Norte,Dom Diego - Barbearia Lago Norte,https://wa.me/556199030026,,
+55 61 98123-6847,Brasília,Lago Norte,Barbearia KalakMj,https://api.whatsapp.com/message/ZNNFR37U4XJLA1,,
+55 61 99348-6259,Brasília,Lago Norte,Fênix barbearia,https://www.instagram.com/fenix_barbearia99?igsh=MTBtN2kwN24yemhmZw==,,
+55 61 99893-4455,Brasília,Lago Norte,Bunker Barbearia,https://instagram.com/barbeariabunkeer?igshid=YmMyMTA2M2Y=,,
+55 61 98279-2748,Brasília,Lago Norte,Procurados Barbearia,https://instagram.com/procurados.barbearia?utm_medium=copy_link,,
+55 61 99596-7726,Brasília,Lago Norte,Barbearia Kings Unidade Varjão,http://www.instagram.com/barbearia_m.kings,,
+55 61 98209-3291,Brasília,Lago Norte,Barbearia O Legado,,,
+55 61 3347-3710,Brasília,Lago Norte,Barbearia Amigos,,,
+55 61 99978-2831,Brasília,Lago Norte,Barbearia Old cut’z,,,
+55 61 3964-8961,Brasília,Lago Norte,Barbearia Cicero's,,,
+55 61 3306-2591,Brasília,Plano Piloto,Barbearia Expresso,,,
+55 61 3202-5006,Brasília,Plano Piloto,Fio Maravilha Barbearia,,,
+55 61 99656-5080,Brasília,Plano Piloto,Clube da Barba Brasília,,,
+55 61 98109-0850,Brasília,Plano Piloto,Gnog Barbearia,,,
+55 61 99878-1714,Brasília,Plano Piloto,Antonio Barbearia,,,
+55 61 3021-6300,Brasília,Plano Piloto,Studio Vip Salao e Barbearia,,,
+55 61 3033-7090,Brasília,Plano Piloto,Barbearia 2 irmãos,,,
+55 61 98209-3291,Brasília,Plano Piloto,Barbearia O Legado,,,
+55 61 3222-5450,Brasília,Plano Piloto,Barbearia Futebol Clube,,,
+55 61 99145-0501,Brasília,Plano Piloto,DANILO SILVA-BARBEIRO,https://api.whatsapp.com/send?1=pt_br&phone=5561991450501,,
+55 61 3347-7748,Brasília,Plano Piloto,Barbearia Asa Norte,,,
+55 12 98131-4746,São José dos Campos,Campos dos Alemães,Barbearia cartel,,,
+55 12 3942-7075,São José dos Campos,Centro,Barbearia do Moacir,,,
+55 12 3942-9534,São José dos Campos,Centro,Barbearia do Barão,http://www.facebook.com/barbeariadobarao,,
+55 12 98258-0408,São José dos Campos,Centro,Barbearia Winchester Barbershop,,,
+55 12 98884-7702,São José dos Campos,Centro,Barbearia Du Barber,https://www.instagram.com/p/CEpSi5DBvcz/?igshid=1ubknxa3m1k43,,
+55 12 99166-2595,São José dos Campos,Centro,Cartel 013 Barbearia,https://wa.me/5512991662595?text=Quero%20um%20corte%20no%20Cartel%20013,,
+55 12 98234-7933,São José dos Campos,Centro,Arão Barbearia,https://www.instagram.com/araobarbearia/,,
+55 12 99207-6825,São José dos Campos,Centro,BARBEARIA KABELERA,,,
+55 12 98817-8057,São José dos Campos,Centro,Danilão Barbearia,,,
+55 12 98878-3199,São José dos Campos,Centro,Everton Barbearia,,,
+55 12 99756-3326,São José dos Campos,Centro,Barbería​ San José - Shopping Jardim Oriente,,,
+55 12 99645-5418,São José dos Campos,Centro,Barbearia lá corte,https://www.instagram.com/_barbearialacorteoficial/?igshid=OGQ2MjdiOTE%3D,,
+55 12 3302-6561,São José dos Campos,Centro,Ocimar Hair Barbearia | Unidade I,,,
+55 12 98826-4822,São José dos Campos,Jardim Aquarius,Roman Barbearia - 𝐀𝐪𝐮𝐚𝐫𝐢𝐮𝐬,,,
+55 12 3207-9290,São José dos Campos,Jardim Aquarius,Gardel Barbearia,https://instagram.com/barbeariagardel?igshid=15t162ev28ijf,,
+55 12 98885-0322,São José dos Campos,Jardim Aquarius,Studio Barber Pro Sjc,https://www.instagram.com/studiobarber.pro/?igsh=NWd3OWt0OTA3Z2Ex#,,
+55 15 98806-3796,São José dos Campos,Jardim Aquarius,Emerson Cruz Barber,,,
+55 12 98136-6562,São José dos Campos,Jardim Satélite,Barbearia Marques,,,
+55 12 3341-9265,São José dos Campos,Jardim Satélite,Barbearia Visagista QUIFF,,,
+55 12 98174-6570,São José dos Campos,Jardim Satélite,Sr. Barba,https://www.facebook.com/senhorbarba/,,
+55 12 98260-5887,São José dos Campos,Jardim Satélite,Brook's Studio - Salão & Barbearia,https://business.facebook.com/brooksbarbershopsjc,,
+55 12 98848-2795,São José dos Campos,Jardim Satélite,Barbearia Sertanejo,,,
+55 12 99643-1077,São José dos Campos,Jardim Satélite,Cardoso barber | barbearia sjc,https://www.instagram.com/cardosobarbersjc/,,
+55 12 98181-1871,São José dos Campos,Jardim Satélite,Barbearia & Estética Andrômeda,https://www.facebook.com/barbearia.estetica.andromeda/,,
+55 12 98218-6696,São José dos Campos,Jardim Satélite,Bandoleros Barbearia,,,
undefined,São José dos Campos,Jardim Satélite,Springfield Barber *Shop,,,
+55 12 98125-7541,São José dos Campos,Jardim Satélite,Barbearia Máfia do Corte,https://www.google.com.br/url?sa=t&source=web&rct=j&url=https://www.instagram.com/p/Bmk6YG5lnmT/%3Ftagged%3Dcut&ved=2ahUKEwjkloLnpu_dAhWGhJAKHT7EAzwQjjgwAHoECAAQAQ&usg=AOvVaw03nNVtuNbqk4T7itP9gnK7,,
undefined,São José dos Campos,Jardim Satélite,Barbearia Cartel 012,,,
+55 12 98854-6289,São José dos Campos,Jardim Satélite,Ribeiro’s Barber,,,
+55 12 98853-7866,São José dos Campos,Vila Ema,Santta Madre Barbearia,https://www.instagram.com/santtamadre.barbearia?igsh=MTZ3bWVxZTMzMXJ4dw%3D%3D&utm_source=qr,,
+55 12 98136-5015,São José dos Campos,Vila Ema,Barbearia P47,https://instagram.com/barbershopp47?igshid=MzMyNGUyNmU2YQ==,,
+55 12 98883-8011,São José dos Campos,Vila Ema,Nakamura Studio - Barbearia,https://instagram.com/obarbeiro_jv?igshid=MzRlODBiNWFlZA==,,
+55 12 3942-9534,São José dos Campos,Vila Ema,Barbearia do Barão,http://www.facebook.com/barbeariadobarao,,
+55 12 99637-5825,São José dos Campos,Vila Ema,Studio T Black,,,
+55 12 98246-3729,São José dos Campos,Vila Ema,Braga Barbearia Visagista | São José dos Campos,https://www.instagram.com/alisonbragavisagista/,,
+55 12 99174-9590,São José dos Campos,Vila Ema,Gregório Cabeleireiro,,,
+55 12 3431-6353,São José dos Campos,Vila Ema,Barbearia do Toninho,,,
+55 12 98178-5284,São José dos Campos,Vila Ema,Joyce Studio Cabeleireiros / Barbearia,,,
+55 12 3923-6679,São José dos Campos,Vila Ema,Ruiz Cabeleireiros (Unidade 1),,,
+55 12 98192-1278,São José dos Campos,Vila Ema,Brothers Barbearia,,,
+55 12 98836-4995,São José dos Campos,Vila Ema,Mastino Barber Concept,,,
+55 12 3942-3115,São José dos Campos,Vila Ema,SPM Stilo,https://www.instagram.com/spmstilo?igsh=NzNhdGg3bXc4Zmg4,,
+55 16 99294-2809,Ribeirão Preto,Jardim Paulista,Barbearia Los Gringos - Un. Jardim Paulista | Ribeirão Preto,,,
+55 16 99195-6715,Ribeirão Preto,Jardim Paulista,Kalaki Barbershop - Unidade Jardim Paulista,,,
+55 16 99716-6529,Ribeirão Preto,Jardim Paulista,BARBEARIA DE ALCÂNTARA & BRAGANÇA,,,
+55 16 99445-4423,Ribeirão Preto,Jardim Paulista,Barbearia Tradição,,,
+55 16 99444-1708,Ribeirão Preto,Jardim Paulista,Barberia Paulista Ribeirão Preto,https://www.instagram.com/barbeariapaulista.rp/,,
+55 16 99737-2807,Ribeirão Preto,Jardim Paulista,Wilker Barbearia - Unidade 1,,,
+55 16 99240-5983,Ribeirão Preto,Jardim Paulista,Barbearia Castelo RP 2,https://api.whatsapp.com/send?phone=5516992405983&text=Ol%C3%A1%2C%20gostaria%20de%20agendar%20um%20hor%C3%A1rio!,,
+55 16 98814-0185,Ribeirão Preto,Jardim Paulista,Invictus Vintage Club,,,
+55 16 98136-3088,Ribeirão Preto,Jardim Paulista,RC Barbearia,https://instagram.com/rcbarbearia_22?igshid=YmMyMTA2M2Y=,,
+55 16 99711-9870,Ribeirão Preto,Jardim Paulista,GF Barbearia,,,
+55 16 98816-9576,Ribeirão Preto,Jardim Paulista,JOCA ROCK BARBER SHOP,https://www.facebook.com/jorgealberto.motamartinsdealmeida,,
+55 16 3624-8837,Ribeirão Preto,Jardim Paulista,Pedro Leite Barbearia,,,
+55 16 99102-3412,Ribeirão Preto,Jardim Paulista,Barbearia velho barao,,,
+55 16 99395-5402,Ribeirão Preto,Jardim Paulista,Barbearia Fio Navalha RP,https://www.instagram.com/rpfionavalha?igsh=ZWR2ajUyYW5vNDhj&utm_source=qr,,
+55 16 98180-2820,Ribeirão Preto,Jardim Paulista,TZ barbearia,,,
+55 16 99416-1187,Ribeirão Preto,Vila Tibério,S.o.s Barber,,,
+55 16 97400-6044,Ribeirão Preto,Vila Tibério,Os Magnatas Barbearia.,,,
+55 16 99356-0345,Ribeirão Preto,Vila Tibério,Barbearia Bigodini,http://facebook.com/barbeariabigodini,,
+55 16 99364-7850,Ribeirão Preto,Vila Tibério,Barbearia Oliveira,,,
+55 16 99122-1579,Ribeirão Preto,Vila Tibério,Pallandri Barber,https://www.instagram.com/pallandribarber/,,
undefined,Ribeirão Preto,Vila Tibério,-MELO BARBEARIA,,,
+55 11 96331-9216,Ribeirão Preto,Vila Tibério,Lw barbearia,https://www.instagram.com/lw_barbearia_/,,
+55 16 99118-3443,Ribeirão Preto,Vila Tibério,All Black Barbearia,,,
+55 16 4141-0874,Ribeirão Preto,Vila Tibério,Cabeleireiro Carlos Cesar G Silva,,,
+55 16 98804-0710,Ribeirão Preto,Vila Tibério,Rogerio Barbearia,,,
+55 16 98116-3069,Ribeirão Preto,Vila Tibério,Barbearia stilus,,,
+55 16 99432-7154,Ribeirão Preto,Vila Tibério,WF Barbearia,,,
+55 16 99423-4812,Ribeirão Preto,Campos Elíseos,Barbearia Sr. José,,,
+55 16 99291-8674,Ribeirão Preto,Campos Elíseos,Barbearia Felipe Rodrigues,https://instagram.com/barbeariafeliperodrigues?igshid=YmMyMTA2M2Y=,,
+55 16 99212-3299,Ribeirão Preto,Campos Elíseos,Barbearia Machado's,,,
+55 16 98865-5661,Ribeirão Preto,Campos Elíseos,💈WHS BARBEARIA💈,,,
+55 16 99414-8454,Ribeirão Preto,Campos Elíseos,Barbearia do Barba,,,
+55 11 95452-3902,Ribeirão Preto,Campos Elíseos,Gui do Corte I Barbearia - Ribeirão Preto/SP,https://www.instagram.com/guidocorterp?igsh=NDhlb2JlemQ3cjB0&utm_source=qr,,
+55 16 98112-3186,Ribeirão Preto,Campos Elíseos,Du Franciscon Barbearia,,,
+55 16 99175-8868,Ribeirão Preto,Campos Elíseos,Barbearia Colaço,,,
+55 16 99208-0211,Ribeirão Preto,Campos Elíseos,Dias Barber,,,
+55 16 99164-5070,Ribeirão Preto,Campos Elíseos,LCBarber Store,,,
+55 16 98211-2091,Ribeirão Preto,Campos Elíseos,Barbearia Marcos Oliveira,,,
+55 16 99314-1151,Ribeirão Preto,Campos Elíseos,Lemes BarberShop | PRÓTESE CAPILAR,https://instagram.com/lemesbarbershop?igshid=YmMyMTA2M2Y=,,
+55 16 99252-9119,Ribeirão Preto,Campos Elíseos,Barbearia SR. Bigode,,,
+55 16 98144-0852,Ribeirão Preto,Higienópolis,Barbearia Blessed,https://www.instagram.com/carlosh_pontes?igsh=MTk2eWI1a3A3NGMycw%3D%3D&utm_source=qr,,
+55 16 97400-6044,Ribeirão Preto,Higienópolis,Os Magnatas Barbearia.,,,
+55 16 99252-9119,Ribeirão Preto,Higienópolis,Barbearia SR. Bigode,,,
+55 16 99341-6401,Ribeirão Preto,Higienópolis,Barbearia Don Johnny - Corte Cabelo - Barba - Barboterapia - Tingimento,https://www.instagram.com/barbeariadonjohnny/?next=/p/CqxvCSgLPRf/,,
+55 16 98242-0228,Ribeirão Preto,Higienópolis,Barbearia Jardins,,,
+55 16 98801-2203,Ribeirão Preto,Higienópolis,Barbearia Don Leonard,https://instagram.com/barbeariadonleonard?igshid=6pf86sareytc,,
+55 16 98805-7183,Ribeirão Preto,Higienópolis,Mateus Reis NOSSA BARBEARIA,,,
+55 16 3624-8837,Ribeirão Preto,Higienópolis,Pedro Leite Barbearia,,,
+55 16 99444-1708,Ribeirão Preto,Higienópolis,Barberia Paulista Ribeirão Preto,https://www.instagram.com/barbeariapaulista.rp/,,
+55 16 99294-2809,Ribeirão Preto,Higienópolis,Barbearia Los Gringos - Un. Jardim Paulista | Ribeirão Preto,,,
+55 16 3442-3474,Ribeirão Preto,Higienópolis,Austin Barbearia,https://www.instagram.com/austinbarbearia/,,
+55 16 99626-5959,Ribeirão Preto,Higienópolis,James barbearia,,,
+55 16 99309-5335,Ribeirão Preto,Jardim Presidente Dutra,Iago barbearia 016,,,
+55 16 98805-7183,Ribeirão Preto,Jardim Presidente Dutra,Mateus Reis NOSSA BARBEARIA,,,
+55 16 98187-8233,Ribeirão Preto,Jardim Presidente Dutra,Seu Chrystovam Barbearia,,,
+55 16 99416-1187,Ribeirão Preto,Jardim Presidente Dutra,S.o.s Barber,,,
+55 16 99356-0345,Ribeirão Preto,Jardim Presidente Dutra,Barbearia Bigodini,http://facebook.com/barbeariabigodini,,
+55 16 99139-4793,Ribeirão Preto,Jardim Presidente Dutra,Prates barbearia,,,
+55 16 99117-3901,Ribeirão Preto,Jardim Presidente Dutra,Barbearia Teodoro,,,
+55 16 99428-5141,Ribeirão Preto,Jardim Presidente Dutra,K1 Barber,,,
+55 16 3442-3474,Ribeirão Preto,Jardim Presidente Dutra,Austin Barbearia,https://www.instagram.com/austinbarbearia/,,
+55 16 99134-0170,Ribeirão Preto,Jardim Presidente Dutra,Thiago Tavares Barbeiro,,,
+55 16 97400-6044,Ribeirão Preto,Jardim Presidente Dutra,Os Magnatas Barbearia.,,,
+55 16 3624-8837,Ribeirão Preto,Jardim Presidente Dutra,Pedro Leite Barbearia,,,
+55 13 98168-0036,Santos,Centro Histórico,barbershopdojorge,,,
+55 13 99658-6175,Santos,Centro Histórico,Barbearia Modelo,https://www.instagram.com/barbeariamodelo1937?igsh=MWV5cjE3cHN5dnFmeQ==,,
+55 13 97820-9977,Santos,Centro Histórico,Barbearia Rodrigues Gonzaga,,,
+55 13 99719-4622,Santos,Centro Histórico,Sonora Barbearia - Barbearia em Santos,,,
+55 15 99662-7537,Santos,Centro Histórico,Kn Barbershop,https://www.instagram.com/knbarbershop/,,
+55 13 3394-7883,Santos,Centro Histórico,Barbearia 13 de Julho,https://www.facebook.com/BTrezeJ/,,
+55 13 98855-1040,Santos,Centro Histórico,Barbearia Rodrigues José Menino,,,
+55 13 99777-6196,Santos,Centro Histórico,Atual cabeleireiros Ltda me,,,
+55 13 97404-0190,Santos,Centro Histórico,Na Barbearia,https://www.instagram.com/nabarbeariaa/,,
+55 13 98838-8657,Santos,Centro Histórico,Leal Barber Shop,https://www.instagram.com/leal_barbershop/,,
+55 13 99129-4259,Santos,Centro Histórico,Burgo Barbearia,,,
+55 13 98121-5773,Santos,Centro Histórico,Barbearia Thagner Ramos - Canal 3,,,
+55 13 3028-8513,Santos,Centro Histórico,JP Cortes.,,,
+55 13 98213-5200,Santos,Zona Noroeste,Barbearia Fúria ZN,,,
+55 13 98878-8040,Santos,Zona Noroeste,Barbearia Pompéia013,https://instagram.com/barbeariapompeia013?igshid=MzRlODBiNWFlZA==,,
+55 13 97820-9977,Santos,Zona Noroeste,Barbearia Rodrigues Gonzaga,,,
+55 13 97404-0190,Santos,Zona Noroeste,Na Barbearia,https://www.instagram.com/nabarbeariaa/,,
+55 13 99129-4259,Santos,Zona Noroeste,Burgo Barbearia,,,
+55 13 99105-7878,Santos,Zona Noroeste,Barbearia André Lopes Hair Designer,https://api.whatsapp.com/send?phone=5513991057878,,
+55 13 3394-7883,Santos,Zona Noroeste,Barbearia 13 de Julho,https://www.facebook.com/BTrezeJ/,,
+55 13 99724-5100,Santos,Zona Noroeste,Brother’s barbershop By Sorali,,,
+55 13 3288-2040,Santos,Zona Noroeste,C2 Barber Shop - Barbearia Santos Gonzaga - Barbeiro - Corte de Cabelo,https://instagram.com/c2barbershop?igshid=7hb6d18j5vrn,,
+55 13 99719-4622,Santos,Zona Noroeste,Sonora Barbearia - Barbearia em Santos,,,
+55 13 99777-0172,Santos,Zona Noroeste,Minimal Barber House,https://www.instagram.com/minimalbarberhouse/,,
+55 13 97415-8512,Santos,Ponta da Praia,Barbearia Ponta da Praia,,,
+55 13 3231-8107,Santos,Ponta da Praia,Natural Cort Barbearia,,,
+55 13 3021-7094,Santos,Ponta da Praia,Sgarzi e Spazzio Cabeleireiro e Barber Shop,,,
+55 13 98177-2613,Santos,Ponta da Praia,Black 13 Barbearia,https://wa.me/message/J4XGISWCTHH5J1,,
+55 13 99673-6248,Santos,Ponta da Praia,Studio JF Hair & Barber,https://www.instagram.com/studiojfhairebarber/,,
+55 13 3394-7080,Santos,Ponta da Praia,Natural Cort II Cabeleireiros & BarberShop (Barbearia),,,
+55 13 99742-6191,Santos,Ponta da Praia,Barbearia Nova Guarda,,,
+55 13 98825-6600,Santos,Ponta da Praia,Lobão Barbearia,https://www.instagram.com/barbearia.lobao?igsh=MWs3cTA3dzhmbXM5cQ==&utm_source=qr,,
+55 13 99144-6134,Santos,Ponta da Praia,Barbershop Mikael Barber,,,
+55 13 99169-9997,Santos,Ponta da Praia,Barbearia Gustavo Cortes,,,
+55 13 99129-4259,Santos,Ponta da Praia,Burgo Barbearia,,,
+55 13 98178-1725,Santos,Ponta da Praia,Barbearia Saci Cortes,,,
undefined,Santos,Ponta da Praia,Barbearia Do Quartel,,,
+55 13 3271-2067,Santos,Ponta da Praia,Studio R Cabeleireiros Unissex,,,
+55 13 99207-5929,Santos,Ponta da Praia,Nene Cortes,http://www.facebook.com/nenecortesdesde2002,,
+55 13 97820-9977,Santos,Gonzaga,Barbearia Rodrigues Gonzaga,,,
+55 13 99148-2478,Santos,Gonzaga,Barber Shop Jeziel Oliveira,,,
+55 13 99148-2478,Santos,Gonzaga,BARBERSHOP JEZIEL OLIVEIRA SHOPPING PATIO IPORANGA,,,
+55 13 99719-4622,Santos,Gonzaga,Sonora Barbearia - Barbearia em Santos,,,
+55 13 99164-4255,Santos,Gonzaga,Barbearia Wolf Barbershop 013-Ana Costa,http://bit.ly/agendamentoswolfbarbershop,,
+55 13 98121-5773,Santos,Gonzaga,Barbearia Thagner Ramos - Canal 3,,,
+55 13 3288-2040,Santos,Gonzaga,C2 Barber Shop - Barbearia Santos Gonzaga - Barbeiro - Corte de Cabelo,https://instagram.com/c2barbershop?igshid=7hb6d18j5vrn,,
+55 13 99190-0307,Santos,Gonzaga,The Barber,https://wa.me/5513991900307,,
+55 13 99210-9242,Santos,Gonzaga,Cardoso Cortes Modernos e Tradicionais,,,
+55 13 99128-5882,Santos,Gonzaga,Maklaus Barbeiro,,,
+55 13 3307-8200,Santos,Gonzaga,Conceito Man Barbearia,,,
+55 13 3286-3815,Santos,Gonzaga,Sarah Studio de Beleza - Barber,,,
+55 13 3327-0653,Santos,Gonzaga,Náutica Tattoo - Unidade Gonzaga,,,
+55 13 3286-5008,Santos,Gonzaga,Big Boy Cabeleireiro,https://instagram.com/bigboycabeleireiros?igshid=YTQwZjQ0NmI0OA%3D%3D&utm_source=qr,,
+55 33444856,Santos,Boqueirão,Barbearia Castro,https://www.facebook.com/Barbearia-Castro-1639736406280248/,,
+55 41 99585-5228,Santos,Boqueirão,Silvio's Barbearia,http://facebook.com/silviosbarbearia,,
+55 41 99898-1134,Santos,Boqueirão,El Patron Barber Shop,https://www.facebook.com/elpatronbarbershop2017/,,
+55 41 99732-9157,Santos,Boqueirão,Gonna Fly Barber House,https://www.facebook.com/gonnaflybarberhouse/,,
+55 41 99902-8025,Santos,Boqueirão,Barbearia Cagliari,,,
+55 41 99930-2253,Santos,Boqueirão,Barbearia Moruk,,,
+55 41 3030-3002,Santos,Boqueirão,Barbearia J.Neves Barber Bier,,,
+55 41 3010-0248,Santos,Boqueirão,Box Barbearia Curitiba,https://instagram.com/boxbarbearia?utm_medium=copy_link,,
+55 41 99625-5658,Santos,Boqueirão,Barbearia Lucão,,,
+55 11 97225-2507,Jundiaí,Centro,DK Barbershop Jundiai,,,
+55 11 4587-7768,Jundiaí,Centro,Smonkey House Barber Shop & Tattoo - Unidade 1,,,
+55 11 92040-1528,Jundiaí,Centro,Barbearia Barão Jundiai,,,
+55 11 99653-9559,Jundiaí,Centro,Alves Barbershop,https://instagram.com/alvessbarbershop?igshid=MzRlODBiNWFlZA==,,
+55 11 93027-8918,Jundiaí,Centro,Barbearia Bronx's,https://www.instagram.com/barbeariabronxs/,,
+55 11 99851-8664,Jundiaí,Centro,Barbearia Castellano,,,
+55 11 96845-7012,Jundiaí,Centro,BarberagemTotal,,,
+55 11 99529-3118,Jundiaí,Centro,Don Cabeça Barbearia,,,
+55 11 91624-6412,Jundiaí,Centro,Richard Teex Cursos Para Barbeiros,,,
+55 11 98558-3703,Jundiaí,Centro,Barbearia Gustta Cortes,https://bit.ly/2WGY7vH,,
+55 11 3964-6080,Jundiaí,Centro,Barbearia do Vavá,,,
+55 11 2449-3023,Jundiaí,Centro,O Conde Barbearia,,,
+55 11 97450-4243,Jundiaí,Centro,💈Wilker Barbeiro,,,
+55 11 99653-9559,Jundiaí,Anhangabaú,Alves Barbershop,https://instagram.com/alvessbarbershop?igshid=MzRlODBiNWFlZA==,,
+55 11 99529-3118,Jundiaí,Anhangabaú,Don Cabeça Barbearia,,,
+55 11 99851-8664,Jundiaí,Anhangabaú,Barbearia Castellano,,,
+55 11 97225-2507,Jundiaí,Anhangabaú,DK Barbershop Jundiai,,,
+55 11 95021-0145,Jundiaí,Anhangabaú,A Fabrica barbearia,https://www.facebook.com/afabricabarbearia/,,
+55 11 98186-9528,Jundiaí,Anhangabaú,Barbearia Frioli Hair,,,
+55 11 4587-7768,Jundiaí,Anhangabaú,Smonkey House Barber Shop & Tattoo - Unidade 1,,,
+55 11 92040-1528,Jundiaí,Anhangabaú,Barbearia Barão Jundiai,,,
+55 11 94331-2577,Jundiaí,Anhangabaú,Honório - Barbearia Jundiaí,,,
+55 11 99768-5675,Jundiaí,Vila Rio Branco,Spuman Barbearia,,,
+55 11 95021-0145,Jundiaí,Vila Rio Branco,A Fabrica barbearia,https://www.facebook.com/afabricabarbearia/,,
+55 45216087,Jundiaí,Vila Rio Branco,Joca Cabeleireiro,,,
+55 11 98366-1960,Jundiaí,Vila Rio Branco,Ateliê da Barba,,,
+55 11 4587-7768,Jundiaí,Vila Rio Branco,Smonkey House Barber Shop & Tattoo - Unidade 1,,,
+55 11 98186-9528,Jundiaí,Vila Rio Branco,Barbearia Frioli Hair,,,
+55 11 99653-9559,Jundiaí,Vila Rio Branco,Alves Barbershop,https://instagram.com/alvessbarbershop?igshid=MzRlODBiNWFlZA==,,
+55 11 95039-5253,Jundiaí,Vila Rio Branco,Barbearia rair,,,
undefined,Jundiaí,Vila Rio Branco,Barbearia Maldonado,,,
+55 11 94142-7559,Jundiaí,Vila Rio Branco,Coronel bigode oficial,https://www.facebook.com/seumoises.obarbeiro,,
+55 11 97433-0255,Jundiaí,Jardim do Lago,Barbearia Mãos De Tesoura,,,
+55 11 97125-4808,Jundiaí,Jardim do Lago,Ti.REX BARBEARIA,,,
+55 11 95969-0484,Jundiaí,Jardim do Lago,Barbearia do Juninho,https://www.facebook.com/barbeariadojuninh0/,,
+55 11 97175-7578,Jundiaí,Jardim do Lago,Pena’s Barbershop,,,
+55 11 94298-8247,Jundiaí,Jardim do Lago,Barbearia Guedes,,,
+55 11 99655-3012,Jundiaí,Jardim do Lago,Barbearia Styllus,,,
undefined,Jundiaí,Jardim do Lago,Erick Souza Hair Designer,http://instagram.com/ericksouza_hairdesigner,,
+55 11 97327-2689,Jundiaí,Jardim do Lago,Barbearia da Vila LF,,,
+55 11 97176-3947,Jundiaí,Jardim do Lago,Barbearia Ricardinho,https://www.instagram.com/ricardinhothebarber/,,
+55 11 4807-1074,Jundiaí,Jardim do Lago,Felipe Barbearia The Monkey,,,
+55 11 98184-3747,Jundiaí,Jardim do Lago,Spadone Barbearia,https://instagram.com/spadonebarbearia,,
+55 11 94142-7559,Jundiaí,Jardim do Lago,Coronel bigode oficial,https://www.facebook.com/seumoises.obarbeiro,,
+55 11 99690-5259,Jundiaí,Jardim do Lago,Edjael Silva,,,
+55 11 97519-1029,Jundiaí,Jardim do Lago,La Bella Madame - Cabelo & Estética,,,
+55 11 97605-9355,Jundiaí,Jardim do Lago,Reezendes black,,,
+55 11 97172-3659,Jundiaí,Jardim Santa Gertrudes,Barbearia Navalheiros,,,
+55 11 94441-4323,Jundiaí,Jardim Santa Gertrudes,Barbearia Marques Jundiaí,,,
+55 11 97531-3273,Jundiaí,Jardim Santa Gertrudes,Caio barbeiro e cia,,,
+55 11 99001-1991,Jundiaí,Jardim Santa Gertrudes,Chrystian Barber,https://wa.me/5518996534920?text=Agende%20seu%20hor%C3%A1rio,,
+55 11 98594-5211,Jundiaí,Jardim Santa Gertrudes,Barbearia Caldeira,,,
+55 11 97158-3353,Jundiaí,Jardim Santa Gertrudes,Barbeirinho Lemuel,,,
+55 19 99809-6617,Jundiaí,Jardim Santa Gertrudes,Barbearia Donola Cortes,,,
+55 11 96498-8951,Jundiaí,Jardim Santa Gertrudes,Zézinho Cabeleireiro & Barber Shop,,,
undefined,Jundiaí,Jardim Santa Gertrudes,BARBEARIA,,,
undefined,Jundiaí,Jardim Santa Gertrudes,Jardim Santa Gertrudes,,,
undefined,Jundiaí,Jardim Santa Gertrudes,Barbearia Juba de Leão,,,
+55 11 95316-6113,Jundiaí,Jardim Santa Gertrudes,Studio de Beleza Carolina Ramiro,,,
+55 11 99591-8978,Jundiaí,Jardim Santa Gertrudes,Espaço Mulher Cabeleireiros,,,
+55 11 4537-1474,Jundiaí,Jardim Santa Gertrudes,Versátil,,,
+55 11 97271-7792,Jundiaí,Jardim Santa Gertrudes,Barbearia Viena,,,
+55 31 98267-0444,Contagem,Eldorado,Bentos Barbearia,https://wa.me/553196248900,,
+55 31 99468-6862,Contagem,Eldorado,Barbearia M12,https://instagram.com/barbeariam12?igshid=MmIzYWVlNDQ5Yg==,,
+55 31 2565-8360,Contagem,Eldorado,Raylander Santos Barbearia Eldorado,,,
+55 31 98719-6814,Contagem,Eldorado,BARBEARIA 1895 (ELDORADO),,,
+55 31 97362-0105,Contagem,Eldorado,Renato Barber,https://www.instagram.com/reel/CXwgXu_AMv-/?igshid=YmMyMTA2M2Y=,,
+55 31 3665-3998,Contagem,Eldorado,Dom Marcos Barbearia,https://instagram.com/dom_marcosbarbearia?igshid=ZDdkNTZiNTM=,,
+55 31 99157-7737,Contagem,Eldorado,Barbearia Gran Finalle,https://instagram.com/barbeariagranfinalle,,
+55 31 3391-7138,Contagem,Eldorado,Barbearia Ferreira II,,,
+55 31 99492-1738,Contagem,Eldorado,Dom Alves Barber,,,
+55 31 97150-3666,Contagem,Eldorado,Wesley Costa Barbearia,,,
+55 31 99310-7910,Contagem,Eldorado,Barbearia Santos,,,
+55 31 99141-8895,Contagem,Eldorado,Barbearia JP,,,
+55 31 99317-2180,Contagem,Eldorado,Barbearia Santana,http://bit.ly/leandrocuts,,
+55 31 99208-7533,Contagem,Eldorado,Barbearia Edson & yeye,,,
+55 31 97595-6207,Contagem,Eldorado,Barbearia Mkoriginall,https://instagram.com/barbearia_do_mk_exclusive?igshid=YmMyMTA2M2Y=,,
+55 31 98326-0601,Contagem,Eldorado,Barbearia Hiper Visual,https://www.facebook.com/hipervisual.danielplinio,,
+55 31 99351-2816,Contagem,Eldorado,Evo Barbiere,,,
+55 31 98605-0916,Contagem,Nacional,Dion Barbearia - Nacional Contagem,https://www.instagram.com/dion__barbearia?igsh=MTZvMDlydG5ldTNqaA==,,
+55 31 3354-1524,Contagem,Nacional,Barbearia Fino Trato,,,
+55 31 98975-1795,Contagem,Nacional,Barbearia D.K,https://instagram.com/barbearia_d.k?igshid=v6qg1a8o89k3,,
+55 31 98568-4252,Contagem,Nacional,EL SHADAY BARBEARIA,,,
+55 31 98635-2199,Contagem,Nacional,Ateliê de beleza e barbearia Lobo's,,,
undefined,Contagem,Nacional,Barbearia Pichiteli,https://instagram.com/barbeariapichitele_?igshid=MzRlODBiNWFlZA==,,
+55 31 3394-5637,Contagem,Nacional,Salão do Zezim - Salão de Beleza Unissex e Barbearia,http://bit.ly/WhatsappSalaoDoZezim,,
+55 31 98912-1215,Contagem,Nacional,BARBEARIA LAIA,,,
+55 31 97317-0563,Contagem,Nacional,WM Barber Grifes,https://www.instagram.com/wmbarbergrifes/,,
+55 31 2565-7335,Contagem,Nacional,Barbearia,,,
+55 31 99361-8478,Contagem,Nacional,BARBEARIA NOVA IMAGEM,,,
+55 31 98026-5107,Contagem,Nacional,Martins barber,,,
undefined,Contagem,Nacional,Barbearia Thalison Rafael,,,
undefined,Contagem,Nacional,Barbearia dú Ruivo,https://www.instagram.com/barbeariatheruivoofc/profilecard/?igsh=MnMzeDd1dWkzeHFw,,
+55 31 99441-1559,Contagem,Industrial,Barbearia Pinas Contagem,,,
+55 31 2565-6065,Contagem,Industrial,Barbearia J.nazaré,https://www.instagram.com/jnazarebarbearia/,,
+55 31 98454-0032,Contagem,Industrial,Barbearia Freitas,https://www.instagram.com/barbearia_freitas_barbearia,,
+55 31 97336-6715,Contagem,Industrial,Barbearia Baruque,,,
+55 994010253,Contagem,Industrial,Barbearia Pontual,,,
+55 31 99353-0192,Contagem,Industrial,GS BARBEARIA,,,
+55 31 99363-9871,Contagem,Industrial,Barbearia Aguilar,,,
+55 31 99248-7549,Contagem,Industrial,Barbearia Imporium,,,
+55 31 98415-2405,Contagem,Industrial,Barbearia do Vanderlei,,,
+55 31 99220-6381,Contagem,Industrial,Nesio Barber,https://www.instagram.com/nesiobarber/,,
+55 31 99850-4503,Contagem,Industrial,Barbearia martins,https://instagram.com/barbeariamartiis?utm_medium=copy_link,,
+55 31 99865-2809,Contagem,Industrial,Barbearia Novo Stilo,,,
+55 31 98438-2011,Contagem,Industrial,Barbearia jeferson Andrade,,,
+55 31 4112-3577,Contagem,Amazonas,Douglas Santos Barbearia,,,
+55 31 99181-4621,Contagem,Amazonas,Barbearia Cedro,,,
+55 31 99452-7147,Contagem,Amazonas,Barbearia bross,http://www.instagram.com/barbeariabross,,
+55 31 99291-0078,Contagem,Amazonas,Allan barbearia,,,
+55 31 97246-7162,Contagem,Amazonas,Barbearia TD,,,
+55 31 99441-1559,Contagem,Amazonas,Barbearia Pinas Contagem,,,
+55 31 99297-3148,Contagem,Amazonas,Barbearia Bonaldi - Contagem,https://www.instagram.com/barbeariabonaldi?igsh=NHE2b3Y2aTU3aXE0,,
+55 31 99157-6241,Contagem,Amazonas,BARBEARIA ARTHUR 2007,,,
+55 31 98405-5097,Contagem,Amazonas,Gw barber,,,
+55 31 99868-6999,Contagem,Amazonas,Barbearia,,,
+55 31 3565-4495,Contagem,Amazonas,Barberini barbearia,,,
+55 31 98454-0032,Contagem,Amazonas,Barbearia Freitas,https://www.instagram.com/barbearia_freitas_barbearia,,
+55 31 97362-0105,Contagem,Novo Eldorado,Renato Barber,https://www.instagram.com/reel/CXwgXu_AMv-/?igshid=YmMyMTA2M2Y=,,
+55 31 97507-6731,Contagem,Novo Eldorado,Victor Batista Barbearia,http://bit.ly/VictorBatistaBarbearia,,
+55 31 99317-2180,Contagem,Novo Eldorado,Barbearia Santana,http://bit.ly/leandrocuts,,
+55 31 99296-4318,Contagem,Novo Eldorado,Barbearia Iretama,https://wa.me/5531992964318?text=Ol%C3%A1aa%2C+Barbearia+Iretama+agradece+seu+contato.+Como+posso+te+ajudar%3F,,
+55 31 98727-3582,Contagem,Novo Eldorado,Barbearia Rômulo,,,
+55 31 99208-7533,Contagem,Novo Eldorado,Barbearia Edson & yeye,,,
+55 31 98740-1066,Contagem,Novo Eldorado,Barbearia do Naldo,,,
+55 31 98845-5423,Contagem,Novo Eldorado,Barbearia Ribeiro,,,
+55 31 99238-1953,Contagem,Novo Eldorado,Neydesignerbarber,,,
+55 31 97311-3022,Contagem,Novo Eldorado,Barbearia Trato Feito,,,
undefined,Contagem,Novo Eldorado,Salão Mw,,,
+55 31 97150-3666,Contagem,Novo Eldorado,Wesley Costa Barbearia,,,
+55 31 99666-4460,Contagem,Novo Eldorado,Barbearia do Babão,,,
+55 31 99427-1626,Contagem,Novo Eldorado,Pretex Barbearia,,,
+55 31 99492-1738,Contagem,Novo Eldorado,Dom Alves Barber,,,
undefined,Contagem,Novo Eldorado,BUGA BARBER SHOP,,,
+55 31 98584-0450,Contagem,Novo Eldorado,Pablo Cabelos,,,
+55 27 99972-4038,Vila Velha,Praia da Costa,Barbearia Poseidon Praia da Costa,,,
+55 27 3534-6564,Vila Velha,Praia da Costa,BARBEARIA BBC EXPRESS - PRAIA DA COSTA,,,
+55 27 99957-7499,Vila Velha,Praia da Costa,Fagundes Barbearia Praia da Costa,,,
+55 27 99502-4030,Vila Velha,Praia da Costa,Mancave Barbearia - Praia da Costa,,,
+55 27 99776-4348,Vila Velha,Praia da Costa,Barbearia Martins,,,
+55 27 98838-2214,Vila Velha,Praia da Costa,Ivonerio Silva Barbearia,https://instagram.com/ivonerio_silva?igshid=YmMyMTA2M2Y=,,
+55 27 99778-0137,Vila Velha,Praia da Costa,Barbearia Costa Urbana,https://www.instagram.com/costaurbanavv/,,
+55 27 99616-9773,Vila Velha,Praia da Costa,Barbearia Vila Velha - BVV,,,
+55 27 99992-0803,Vila Velha,Praia da Costa,Diretoria barbearia,,,
+55 27 3239-9389,Vila Velha,Praia da Costa,Barbearia Samuka,https://www.instagram.com/barbeariasamuka/,,
+55 27 99751-2682,Vila Velha,Praia da Costa,KIKO Barbearia,,,
+55 27 99713-9160,Vila Velha,Praia da Costa,Barbearia Barbano,,,
+55 27 99283-3262,Vila Velha,Praia da Costa,Black Barber Studio,,,
+55 27 3534-3080,Vila Velha,Praia da Costa,Aspectus Barbearia,,,
+55 27 99838-1943,Vila Velha,Itapoã,Barbearia Itapoã | Vila Velha,https://www.instagram.com/barbearia_itapoa/,,
+55 27 99959-5824,Vila Velha,Itapoã,Art Cortes Barbearia,https://www.instagram.com/artcortesbarbearia,,
+55 27 98118-6487,Vila Velha,Itapoã,Barbearia do Barba,,,
+55 27 99641-7268,Vila Velha,Itapoã,Kingdom Barbershop VV,https://instagram.com/kingdom.barbershop.vv?igshid=NDA1YzNhOGU=,,
+55 27 99636-7855,Vila Velha,Itapoã,BARBEARIA SOUZA,,,
+55 27 99668-7433,Vila Velha,Itapoã,027 Barbershop | Itapuã Vila Velha,,,
+55 27 99654-0305,Vila Velha,Itapoã,Barbearia Café-Bar itapuã,,,
+55 27 98139-9353,Vila Velha,Itapoã,REIS BARBEARIA,https://www.instagram.com/reisbarbearia.1415,,
+55 27 99844-6740,Vila Velha,Itapoã,Barbearia Léo Jubini,,,
+55 27 3534-6369,Vila Velha,Itapoã,Barbearia Gedeon,,,
+55 27 99995-4400,Vila Velha,Itapoã,Barbearia Don Geovane,,,
+55 27 99579-4322,Vila Velha,Itapoã,Barbearia Tio Bigode,,,
undefined,Vila Velha,Itapoã,Barbearia Don Aranttes,,,
+55 27 99687-8721,Vila Velha,Glória,Barbearia do Edy,,,
+55 27 99873-8572,Vila Velha,Glória,O'Bill Barbearia,https://www.instagram.com/obillbarbearia/,,
+55 27 99805-7013,Vila Velha,Glória,Barbearia Badaró,,,
+55 997886439,Vila Velha,Glória,Barbearia Balestrero,,,
+55 27 98869-3400,Vila Velha,Glória,Barbearia último opção,,,
+55 27 99631-0451,Vila Velha,Glória,JULIU'S BARBEARIA,https://www.instagram.com/julius.barbearia/?igshid=na5mlxc7lztt,,
+55 27 99582-8224,Vila Velha,Glória,Barbershop Elegance,https://www.instagram.com/barbershop.elegance.oficial/,,
+55 27 98854-1504,Vila Velha,Glória,Barbearia Capitão Vinicius,,,
+55 27 98121-5381,Vila Velha,Glória,Senna Barbearia,https://www.instagram.com/senna_barbearia_/,,
+55 28 99974-7914,Vila Velha,Glória,Barbearia do Fabrício,,,
+55 27 99819-5375,Vila Velha,Glória,Barbearia Junior,,,
+55 27 99510-0978,Vila Velha,Glória,Barbearia Dom Marques,https://www.instagram.com/barbearia_dommarques,,
undefined,Vila Velha,Glória,SADRAQUES BARBEARIA,,,
+55 27 99970-4300,Vila Velha,Glória,Vips barber shop,,,
+55 27 99611-0350,Vila Velha,Glória,Loja Universo dos Barbeiros,,,
+55 998249151,Vila Velha,Glória,Barbearia Carlos Lirio,http://www.facebook.com/barbearia.carloslirio,,
+55 27 99603-0575,Vila Velha,Glória,Barbearia The Barbie,,,
undefined,Vila Velha,Glória,Barbearia dos Cria,https://www.instagram.com/barbearia_doscria27/,,
+55 27 99617-6020,Vila Velha,Glória,Bonita que só ela Beauty Express | Unidade Glória VV,,,
+55 27 99838-7500,Vila Velha,Boa Vista II,Barbearia Dom Ventura,,,
+55 27 99644-4329,Vila Velha,Boa Vista II,Narbany Barbearia,,,
+55 27 99241-6151,Vila Velha,Boa Vista II,Barbearia O Masculino,,,
+55 27 99732-1778,Vila Velha,Boa Vista II,Alex Do Corte,,,
+55 999526346,Vila Velha,Boa Vista II,Barbearia Stylus Adriano,,,
+55 27 99201-0163,Vila Velha,Boa Vista II,VikingZ Barber-shop,,,
+55 85 98726-7905,Vila Velha,Boa Vista II,Pires barbearia,,,
+55 27 99748-7456,Vila Velha,Boa Vista II,Barbearia do Diego,,,
undefined,Vila Velha,Boa Vista II,Barbería Amaral,,,
+55 27 99918-6379,Vila Velha,Boa Vista II,Barbearia Vila Velha | The Barber House,,,
undefined,Vila Velha,Boa Vista II,Barbearia Do Dinho,,,
undefined,Vila Velha,Boa Vista II,Wg Barbearia,,,
+55 27 99647-5954,Vila Velha,Santa Mônica,Barbearia Gonçalves,,,
+55 27 99737-2702,Vila Velha,Santa Mônica,Camarote Do Corte,https://www.facebook.com/Camarotedocorte1/,,
+55 27 99575-9481,Vila Velha,Santa Mônica,Stilu's Barbearia,,,
+55 27 99909-8141,Vila Velha,Santa Mônica,New face barbearia,https://www.instagram.com/new_face_barbershop?igsh=eWtpNnpqOHFxN2M3,,
+55 27 98812-0385,Vila Velha,Santa Mônica,Barbearia Tikin do corte,,,
+55 27 99519-3624,Vila Velha,Santa Mônica,Barba Rara,,,
+55 27 99910-6561,Vila Velha,Santa Mônica,Barbearia Titan,,,
undefined,Vila Velha,Santa Mônica,Salão E Barbearia Unissex André Almeida,,,
+55 27 99959-9316,Vila Velha,Santa Mônica,Hallef barber,,,
+55 27 99883-9673,Vila Velha,Santa Mônica,Barbearia e Studio JH,,,
+55 27 99500-6026,Vila Velha,Santa Mônica,"Barbearia Seu Ambrósio - Santa Mônica Vila Velha - Qualidade Garantida, Preços Incríveis",https://www.instagram.com/seuambrosio_barbearia,,
undefined,Vila Velha,Santa Mônica,"Mazin""Do""Corte",,,
undefined,Vila Velha,Santa Mônica,Checkmate Barbearia,,,
+55 27 99864-4218,Vila Velha,Santa Mônica,Barbearia NB - Barbaterapia,,,
+55 27 99951-4409,Vila Velha,Santa Mônica,BARBEIRO.COM_ITAPARICA,,,